ï»¿id,account_id,occurred_at,channel
4395,1001,2015-10-22T05:02:47.000Z,organic
4396,1001,2015-10-22T14:04:20.000Z,adwords
4399,1001,2016-01-01T15:45:54.000Z,adwords
4401,1001,2016-02-07T17:44:10.000Z,adwords
4402,1001,2016-02-27T15:27:22.000Z,organic
4404,1001,2016-04-05T03:02:52.000Z,organic
4405,1001,2016-04-17T16:41:02.000Z,organic
4408,1001,2016-05-21T16:22:01.000Z,organic
4410,1001,2016-06-22T13:48:53.000Z,adwords
4414,1001,2016-08-12T09:31:22.000Z,organic
4416,1001,2016-09-11T17:06:53.000Z,adwords
4417,1011,2016-12-21T16:14:29.000Z,adwords
4420,1021,2015-10-26T03:14:39.000Z,adwords
4425,1021,2016-02-02T22:06:55.000Z,adwords
4427,1021,2016-03-02T00:38:48.000Z,adwords
4428,1021,2016-03-02T09:37:48.000Z,adwords
4431,1021,2016-04-23T04:41:13.000Z,organic
4432,1021,2016-05-04T03:29:12.000Z,organic
4433,1021,2016-05-26T13:31:54.000Z,organic
4434,1021,2016-06-03T21:40:58.000Z,organic
4442,1021,2016-10-18T18:43:20.000Z,adwords
4443,1021,2016-11-18T05:27:58.000Z,adwords
4444,1021,2016-12-11T00:36:56.000Z,adwords
4445,1021,2016-12-25T10:35:26.000Z,organic
4446,1021,2017-01-01T02:56:41.000Z,organic
4449,1041,2016-10-27T18:31:05.000Z,adwords
4450,1041,2016-11-12T05:36:00.000Z,adwords
4451,1041,2016-11-30T05:26:50.000Z,adwords
4455,1051,2016-09-27T04:50:39.000Z,organic
4456,1051,2016-11-28T10:22:58.000Z,adwords
4460,1061,2016-10-19T11:44:52.000Z,organic
4463,1061,2016-11-23T10:25:25.000Z,adwords
4464,1061,2016-12-28T08:16:10.000Z,adwords
4467,1081,2015-03-27T10:57:14.000Z,organic
4469,1081,2015-05-10T00:09:53.000Z,adwords
4470,1081,2015-06-11T21:40:04.000Z,adwords
4471,1081,2015-07-08T18:29:35.000Z,adwords
4472,1081,2015-08-10T09:30:31.000Z,adwords
4473,1081,2015-09-07T13:51:37.000Z,organic
4483,1081,2016-09-14T12:41:40.000Z,adwords
4485,1081,2016-11-12T06:28:22.000Z,organic
4487,1091,2014-08-15T21:37:48.000Z,organic
4489,1091,2014-11-22T13:37:49.000Z,adwords
4490,1091,2015-01-12T09:15:34.000Z,adwords
4492,1091,2015-04-22T14:46:34.000Z,organic
4497,1091,2015-10-16T12:44:07.000Z,adwords
4500,1091,2016-05-03T15:48:23.000Z,adwords
4504,1091,2016-10-04T16:58:34.000Z,adwords
4505,1101,2015-06-24T19:54:36.000Z,adwords
4506,1101,2015-08-03T14:06:53.000Z,organic
4508,1101,2015-12-20T21:35:09.000Z,organic
4511,1101,2016-03-13T18:31:31.000Z,adwords
4513,1101,2016-05-15T07:43:24.000Z,organic
4514,1101,2016-06-15T10:46:14.000Z,adwords
4515,1101,2016-11-03T23:58:15.000Z,adwords
4516,1101,2016-11-29T01:59:48.000Z,organic
4520,1111,2016-02-10T16:13:03.000Z,organic
4525,1111,2016-07-20T08:54:41.000Z,organic
4528,1111,2016-11-07T17:48:34.000Z,organic
4532,1121,2015-11-13T05:52:32.000Z,adwords
4533,1121,2015-12-21T15:46:12.000Z,organic
4534,1121,2016-02-01T15:33:41.000Z,organic
4535,1121,2016-04-11T05:35:44.000Z,organic
4536,1121,2016-05-31T05:52:55.000Z,adwords
4537,1121,2016-05-31T04:50:52.000Z,organic
4538,1121,2016-06-28T21:32:50.000Z,organic
4540,1121,2016-08-25T10:33:11.000Z,organic
4541,1121,2016-09-20T04:29:04.000Z,adwords
4543,1121,2016-11-23T00:54:36.000Z,organic
4544,1131,2016-05-13T02:18:59.000Z,organic
4546,1131,2016-07-18T14:28:34.000Z,organic
4548,1131,2016-08-30T19:15:12.000Z,organic
4553,1151,2016-12-30T15:57:41.000Z,organic
4554,1161,2016-03-06T12:25:54.000Z,adwords
4560,1171,2016-10-14T08:45:06.000Z,organic
4563,1181,2013-12-17T04:45:29.000Z,adwords
4564,1181,2014-01-12T10:51:08.000Z,adwords
4566,1181,2014-02-17T05:09:15.000Z,organic
4567,1181,2014-03-10T12:10:28.000Z,adwords
4568,1181,2014-03-10T19:04:28.000Z,organic
4569,1181,2014-03-21T10:02:14.000Z,organic
4570,1181,2014-04-05T20:39:12.000Z,adwords
4572,1181,2014-05-09T09:21:12.000Z,organic
4574,1181,2014-06-23T20:50:10.000Z,adwords
4576,1181,2014-07-30T12:25:22.000Z,adwords
4580,1181,2014-10-27T18:28:11.000Z,organic
4581,1181,2014-11-21T11:36:44.000Z,organic
4582,1181,2014-12-04T05:59:07.000Z,organic
4586,1181,2015-02-11T08:24:42.000Z,organic
4589,1181,2015-04-08T18:00:34.000Z,adwords
4595,1181,2015-08-10T16:37:05.000Z,organic
4596,1181,2015-09-09T13:03:59.000Z,adwords
4601,1181,2015-12-27T17:50:37.000Z,organic
4605,1181,2016-02-04T04:20:55.000Z,organic
4607,1191,2016-01-24T18:05:07.000Z,adwords
4608,1191,2016-02-07T12:03:01.000Z,adwords
4610,1191,2016-03-21T10:54:07.000Z,organic
4613,1191,2016-10-16T02:17:37.000Z,organic
4616,1191,2016-11-15T18:05:38.000Z,adwords
4618,1191,2016-12-25T10:34:03.000Z,adwords
4622,1211,2016-11-22T06:53:20.000Z,adwords
4625,1221,2015-02-05T20:56:35.000Z,organic
4626,1221,2015-02-26T10:05:28.000Z,adwords
4629,1221,2015-06-06T12:40:48.000Z,adwords
4633,1221,2015-08-28T01:08:09.000Z,adwords
4634,1221,2015-09-12T22:38:48.000Z,organic
4635,1221,2015-09-24T05:08:09.000Z,organic
4636,1221,2015-11-06T07:00:38.000Z,adwords
4637,1221,2015-11-24T18:13:15.000Z,organic
4640,1221,2016-01-26T01:33:44.000Z,organic
4642,1221,2016-03-17T12:56:58.000Z,organic
4648,1221,2016-06-19T23:12:16.000Z,adwords
4649,1221,2016-06-24T14:16:16.000Z,organic
4650,1221,2016-07-14T00:24:29.000Z,organic
4652,1221,2016-08-25T18:43:51.000Z,organic
4655,1221,2016-11-28T23:45:55.000Z,organic
4657,1221,2016-12-21T18:10:57.000Z,organic
4658,1231,2016-02-26T21:28:23.000Z,adwords
4670,1231,2016-09-10T00:24:51.000Z,organic
4674,1241,2016-06-14T08:37:20.000Z,organic
4675,1241,2016-07-26T21:51:45.000Z,organic
4677,1251,2013-12-11T02:43:32.000Z,organic
4680,1261,2015-01-13T17:14:31.000Z,organic
4681,1261,2015-04-01T05:34:35.000Z,organic
4685,1261,2015-06-06T02:37:28.000Z,adwords
4687,1261,2015-09-01T12:03:35.000Z,adwords
4690,1261,2016-06-05T16:39:54.000Z,organic
4691,1261,2016-07-13T11:24:24.000Z,organic
4693,1261,2016-10-29T02:24:09.000Z,organic
4695,1261,2016-12-19T14:46:08.000Z,adwords
4696,1271,2015-10-28T19:06:09.000Z,organic
4697,1271,2015-10-28T01:04:44.000Z,organic
4699,1271,2015-11-24T21:16:54.000Z,adwords
4700,1271,2015-11-29T07:33:02.000Z,organic
4701,1271,2015-12-21T14:29:27.000Z,organic
4702,1271,2016-01-16T22:48:39.000Z,organic
4706,1271,2016-03-03T23:37:11.000Z,organic
4707,1271,2016-03-25T11:50:52.000Z,organic
4712,1271,2016-05-01T14:06:27.000Z,adwords
4713,1271,2016-06-06T00:47:51.000Z,organic
4714,1271,2016-06-22T13:40:53.000Z,organic
4717,1271,2016-07-28T08:12:24.000Z,adwords
4720,1271,2016-08-31T15:06:06.000Z,organic
4721,1271,2016-09-27T04:43:47.000Z,adwords
4723,1271,2016-10-10T19:18:06.000Z,adwords
4728,1281,2013-12-05T21:22:29.000Z,adwords
4731,1291,2015-06-09T17:52:44.000Z,organic
4735,1291,2015-09-12T18:56:18.000Z,organic
4738,1291,2015-12-12T03:20:03.000Z,organic
4741,1291,2016-02-13T09:15:49.000Z,organic
4743,1291,2016-04-15T22:57:56.000Z,organic
4745,1291,2016-06-19T23:07:16.000Z,organic
4748,1291,2016-09-24T00:12:00.000Z,adwords
4750,1291,2016-11-02T07:31:25.000Z,adwords
4751,1291,2016-11-13T15:30:26.000Z,organic
4752,1291,2016-12-12T02:20:25.000Z,adwords
4754,1301,2014-01-01T13:18:19.000Z,adwords
4756,1301,2014-01-12T14:00:07.000Z,adwords
4757,1301,2014-01-29T21:49:59.000Z,adwords
4758,1301,2014-01-29T20:09:08.000Z,adwords
4762,1301,2014-03-30T20:12:04.000Z,adwords
4764,1301,2016-01-24T22:27:14.000Z,organic
4767,1301,2016-02-16T04:00:56.000Z,adwords
4773,1311,2016-10-05T11:59:44.000Z,adwords
4774,1311,2016-12-09T09:04:35.000Z,adwords
4776,1321,2015-12-15T05:22:48.000Z,organic
4778,1321,2015-12-28T15:32:58.000Z,organic
4783,1321,2016-04-24T09:29:25.000Z,adwords
4784,1321,2016-05-09T07:04:43.000Z,organic
4788,1321,2016-07-19T12:16:21.000Z,organic
4789,1321,2016-08-15T05:18:42.000Z,organic
4792,1321,2016-10-02T05:16:14.000Z,organic
4794,1321,2016-11-28T12:38:45.000Z,organic
4796,1331,2016-08-18T20:35:13.000Z,adwords
4801,1331,2016-12-09T07:33:27.000Z,adwords
4803,1341,2016-08-28T20:36:22.000Z,organic
4804,1341,2016-10-02T02:23:47.000Z,organic
4805,1341,2016-12-01T23:21:42.000Z,organic
4808,1351,2016-08-21T00:26:08.000Z,organic
4813,1361,2016-10-10T07:19:53.000Z,organic
4814,1361,2016-10-10T02:47:46.000Z,organic
4816,1361,2016-11-14T08:14:44.000Z,adwords
4824,1391,2016-11-18T02:25:39.000Z,organic
4827,1401,2014-01-04T11:36:28.000Z,organic
4829,1401,2014-02-23T20:50:00.000Z,adwords
4832,1401,2014-05-12T15:37:45.000Z,adwords
4833,1401,2014-06-12T01:20:43.000Z,organic
4834,1401,2014-07-08T09:20:24.000Z,organic
4837,1401,2014-10-01T17:12:29.000Z,adwords
4838,1401,2014-11-03T06:16:40.000Z,organic
4847,1411,2014-03-05T15:13:21.000Z,adwords
4849,1411,2014-04-13T11:24:49.000Z,adwords
4861,1411,2014-12-08T02:09:44.000Z,organic
4868,1411,2015-05-07T19:32:08.000Z,adwords
4869,1411,2015-05-20T18:47:42.000Z,adwords
4870,1411,2015-06-02T22:48:54.000Z,organic
4873,1411,2015-07-13T22:28:56.000Z,organic
4876,1411,2015-09-26T22:29:31.000Z,organic
4878,1411,2015-11-18T21:58:26.000Z,organic
4881,1411,2016-01-21T15:42:20.000Z,adwords
4882,1411,2016-02-10T00:19:04.000Z,organic
4883,1411,2016-02-10T12:05:08.000Z,organic
4885,1411,2016-03-13T06:02:18.000Z,organic
4886,1411,2016-04-04T16:06:09.000Z,adwords
4889,1411,2016-07-14T22:30:36.000Z,organic
4893,1411,2016-09-20T05:56:15.000Z,adwords
4894,1411,2016-10-11T11:02:48.000Z,organic
4896,1421,2014-03-12T16:44:02.000Z,adwords
4898,1421,2014-06-01T06:47:27.000Z,adwords
4903,1441,2013-12-28T12:45:47.000Z,adwords
4917,1441,2015-08-17T06:28:29.000Z,organic
4918,1441,2015-09-13T08:56:44.000Z,adwords
4920,1441,2015-11-17T10:13:38.000Z,organic
4923,1441,2016-02-16T11:29:00.000Z,adwords
4928,1441,2016-06-17T22:35:33.000Z,adwords
4930,1441,2016-12-11T08:29:57.000Z,organic
4931,1451,2014-05-04T14:05:32.000Z,adwords
4937,1451,2014-09-14T00:07:59.000Z,organic
4938,1451,2014-10-15T20:04:09.000Z,organic
4939,1451,2014-10-26T19:12:27.000Z,organic
4940,1451,2014-11-25T17:05:10.000Z,adwords
4941,1451,2014-12-19T17:09:37.000Z,adwords
4946,1451,2015-05-30T07:20:02.000Z,organic
4952,1451,2015-12-03T05:27:05.000Z,organic
4953,1451,2016-01-10T02:29:48.000Z,adwords
4955,1451,2016-04-15T00:53:57.000Z,organic
4956,1451,2016-05-15T16:51:28.000Z,organic
4957,1451,2016-06-22T10:47:46.000Z,adwords
4960,1451,2016-08-20T04:50:47.000Z,organic
4961,1451,2016-09-27T18:51:58.000Z,adwords
4962,1451,2016-10-21T08:54:53.000Z,adwords
4965,1461,2015-12-12T22:42:31.000Z,adwords
4968,1461,2016-02-09T20:53:51.000Z,adwords
4970,1461,2016-03-18T17:20:06.000Z,adwords
4971,1461,2016-04-02T04:31:51.000Z,organic
4974,1461,2016-05-28T03:35:53.000Z,organic
4975,1461,2016-05-28T06:13:17.000Z,adwords
4978,1461,2016-07-24T19:22:04.000Z,organic
4983,1461,2016-10-06T21:52:41.000Z,organic
4984,1461,2016-11-06T13:46:44.000Z,adwords
4985,1461,2016-11-26T11:09:04.000Z,adwords
4986,1461,2016-12-20T21:00:33.000Z,organic
4987,1471,2017-01-01T02:06:26.000Z,adwords
4990,1491,2015-02-15T17:30:50.000Z,adwords
4992,1491,2015-04-06T00:00:50.000Z,organic
4993,1501,2015-01-30T00:03:04.000Z,organic
4997,1501,2015-08-24T06:00:22.000Z,adwords
4998,1501,2015-09-26T15:38:17.000Z,adwords
5003,1501,2016-05-04T16:18:09.000Z,organic
5004,1501,2016-05-17T06:54:14.000Z,adwords
5007,1501,2016-08-20T18:25:05.000Z,organic
5009,1511,2016-03-31T09:26:47.000Z,organic
5011,1511,2016-05-10T11:40:36.000Z,adwords
5012,1511,2016-05-30T17:37:46.000Z,organic
5016,1511,2016-08-19T14:28:30.000Z,adwords
5019,1511,2016-10-02T16:44:49.000Z,adwords
5025,1521,2013-12-31T05:44:44.000Z,adwords
5026,1521,2014-01-22T17:54:21.000Z,adwords
5027,1521,2014-02-04T16:58:16.000Z,organic
5029,1521,2014-02-28T07:15:23.000Z,organic
5030,1521,2014-04-06T17:03:55.000Z,organic
5031,1521,2014-04-06T07:31:53.000Z,organic
5032,1521,2014-05-24T13:12:59.000Z,adwords
5037,1521,2014-07-15T05:06:23.000Z,adwords
5038,1521,2014-08-13T16:43:20.000Z,organic
5042,1521,2014-10-22T23:59:05.000Z,organic
5043,1521,2014-11-10T10:03:27.000Z,adwords
5044,1521,2014-12-08T12:52:15.000Z,adwords
5046,1521,2015-05-11T22:18:57.000Z,adwords
5051,1521,2015-09-05T15:30:57.000Z,adwords
5055,1521,2015-11-14T15:31:42.000Z,organic
5058,1521,2016-01-21T00:04:57.000Z,adwords
5061,1521,2016-02-23T15:44:31.000Z,organic
5064,1521,2016-04-19T21:31:57.000Z,organic
5065,1521,2016-05-13T20:55:00.000Z,adwords
5066,1521,2016-05-13T01:49:12.000Z,adwords
5068,1521,2016-06-07T20:45:53.000Z,adwords
5069,1521,2016-06-07T21:05:12.000Z,organic
5070,1521,2016-07-04T14:45:08.000Z,adwords
5071,1521,2016-07-25T16:00:14.000Z,adwords
5077,1531,2014-03-16T07:02:32.000Z,organic
5078,1531,2014-03-28T11:19:58.000Z,organic
5079,1531,2014-04-14T06:37:03.000Z,organic
5081,1531,2014-04-27T06:41:47.000Z,adwords
5082,1531,2014-05-06T01:23:23.000Z,organic
5085,1531,2014-06-12T20:49:25.000Z,organic
5089,1531,2014-10-29T17:20:24.000Z,adwords
5090,1531,2014-11-21T19:46:13.000Z,organic
5091,1531,2014-12-07T06:25:02.000Z,adwords
5092,1531,2015-01-06T06:27:06.000Z,adwords
5099,1531,2015-06-06T00:25:47.000Z,organic
5102,1531,2015-07-28T01:29:06.000Z,organic
5104,1531,2015-09-05T04:49:04.000Z,adwords
5106,1531,2015-10-10T13:09:35.000Z,adwords
5110,1531,2016-05-04T05:08:47.000Z,organic
5111,1531,2016-06-03T19:24:38.000Z,organic
5113,1531,2016-08-12T13:36:50.000Z,organic
5114,1531,2016-10-22T20:15:37.000Z,adwords
5115,1531,2016-11-15T16:43:14.000Z,organic
5116,1531,2016-11-15T20:21:55.000Z,adwords
5119,1541,2015-07-27T18:43:41.000Z,adwords
5121,1541,2015-08-15T04:27:19.000Z,organic
5123,1541,2015-09-17T20:45:09.000Z,organic
5124,1541,2015-09-26T13:48:37.000Z,organic
5126,1541,2015-10-16T06:58:55.000Z,organic
5127,1541,2015-10-24T23:25:58.000Z,adwords
5128,1541,2015-11-08T05:00:21.000Z,organic
5129,1541,2015-12-24T06:15:47.000Z,adwords
5131,1541,2016-02-17T21:34:52.000Z,organic
5135,1561,2014-01-25T06:09:17.000Z,adwords
5137,1561,2014-03-07T11:42:39.000Z,adwords
5138,1561,2014-03-13T12:44:55.000Z,organic
5139,1561,2014-04-13T23:11:16.000Z,adwords
5149,1561,2014-11-11T03:29:56.000Z,adwords
5153,1561,2015-03-29T18:36:19.000Z,organic
5155,1571,2014-01-01T19:48:07.000Z,organic
5158,1571,2014-08-13T21:39:44.000Z,adwords
5163,1571,2014-11-10T12:56:55.000Z,adwords
5165,1571,2014-11-28T12:23:05.000Z,organic
5168,1571,2015-01-25T03:11:49.000Z,organic
5172,1571,2015-04-18T11:59:06.000Z,organic
5173,1571,2015-05-25T12:21:17.000Z,organic
5174,1571,2015-06-05T03:05:07.000Z,organic
5175,1571,2015-06-05T04:15:06.000Z,adwords
5177,1571,2015-07-09T17:48:05.000Z,adwords
5178,1571,2015-08-11T14:15:52.000Z,organic
5181,1571,2015-10-26T13:10:07.000Z,organic
5186,1571,2016-02-18T18:29:32.000Z,organic
5190,1571,2016-03-27T23:50:44.000Z,organic
5192,1571,2016-10-20T19:58:48.000Z,organic
5194,1571,2016-12-05T20:59:30.000Z,organic
5197,1581,2016-04-23T09:56:07.000Z,adwords
5202,1601,2014-02-07T20:24:35.000Z,organic
5215,1601,2015-04-22T04:47:49.000Z,adwords
5216,1601,2015-05-20T06:05:16.000Z,organic
5221,1601,2015-10-01T01:44:59.000Z,organic
5222,1601,2015-10-16T03:53:28.000Z,adwords
5224,1601,2015-11-27T20:11:37.000Z,organic
5226,1601,2016-01-09T20:18:41.000Z,organic
5228,1601,2016-02-10T22:53:03.000Z,organic
5230,1601,2016-03-13T06:09:06.000Z,adwords
5231,1601,2016-03-23T06:37:29.000Z,adwords
5234,1601,2016-05-11T13:54:07.000Z,organic
5236,1601,2016-06-13T18:46:52.000Z,adwords
5241,1601,2016-10-03T16:33:56.000Z,organic
5247,1611,2015-11-17T21:58:32.000Z,adwords
5251,1611,2016-03-11T16:09:58.000Z,adwords
5255,1611,2016-05-13T19:31:29.000Z,organic
5257,1611,2016-06-22T05:35:14.000Z,adwords
5259,1611,2016-08-01T03:04:30.000Z,adwords
5260,1611,2016-08-01T08:08:23.000Z,adwords
5264,1611,2016-09-30T16:57:07.000Z,adwords
5265,1611,2016-10-25T05:12:51.000Z,adwords
5266,1611,2016-11-12T17:05:04.000Z,adwords
5267,1611,2016-12-27T03:43:31.000Z,organic
5272,1631,2016-05-15T10:11:40.000Z,adwords
5275,1631,2016-06-09T13:04:29.000Z,organic
5276,1631,2016-07-05T18:40:56.000Z,adwords
5277,1641,2016-09-10T05:12:38.000Z,adwords
5279,1641,2016-11-08T13:58:52.000Z,adwords
5283,1651,2014-10-08T03:18:51.000Z,adwords
5285,1651,2014-12-27T10:00:23.000Z,organic
5286,1651,2015-02-09T13:25:47.000Z,adwords
5289,1651,2015-06-09T01:02:55.000Z,organic
5292,1651,2015-07-25T06:08:59.000Z,adwords
5293,1651,2015-09-02T11:07:31.000Z,adwords
5294,1651,2015-10-03T09:47:51.000Z,organic
5296,1651,2015-12-13T14:49:07.000Z,organic
5300,1671,2016-08-08T10:37:59.000Z,organic
5301,1671,2016-09-14T11:52:20.000Z,organic
5302,1671,2016-11-10T13:48:41.000Z,adwords
5303,1671,2016-12-19T13:11:05.000Z,adwords
5305,1681,2016-03-18T05:12:58.000Z,organic
5306,1681,2016-03-18T01:57:20.000Z,adwords
5308,1681,2016-03-25T11:59:35.000Z,organic
5310,1681,2016-05-20T20:19:09.000Z,adwords
5311,1681,2016-06-01T03:30:24.000Z,adwords
5312,1681,2016-06-24T11:33:53.000Z,adwords
5314,1681,2016-09-08T20:54:52.000Z,organic
5316,1681,2016-11-03T03:11:34.000Z,adwords
5318,1681,2017-01-01T08:45:40.000Z,organic
5320,1691,2016-01-31T06:50:37.000Z,organic
5323,1691,2016-04-03T20:15:08.000Z,organic
5328,1691,2016-07-09T11:29:04.000Z,organic
5331,1691,2016-09-09T18:43:49.000Z,adwords
5335,1701,2014-03-01T11:24:41.000Z,organic
5336,1701,2014-04-08T02:37:06.000Z,adwords
5338,1701,2014-06-14T20:18:51.000Z,adwords
5342,1701,2014-11-22T01:00:07.000Z,adwords
5344,1701,2015-01-27T07:41:56.000Z,adwords
5348,1701,2015-04-24T21:46:19.000Z,adwords
5351,1701,2015-06-10T03:34:22.000Z,organic
5354,1701,2015-09-30T13:59:55.000Z,organic
5357,1701,2016-01-27T10:59:38.000Z,organic
5358,1701,2016-03-03T12:20:35.000Z,organic
5360,1701,2016-05-27T11:31:22.000Z,organic
5365,1711,2015-07-10T15:39:59.000Z,organic
5371,1711,2015-11-20T23:00:38.000Z,organic
5374,1711,2016-01-09T22:37:56.000Z,organic
5380,1711,2016-04-23T20:49:53.000Z,organic
5386,1711,2016-07-28T16:26:17.000Z,organic
5388,1711,2016-08-16T14:01:15.000Z,adwords
5389,1711,2016-08-27T08:50:24.000Z,organic
5392,1711,2016-10-20T13:54:47.000Z,adwords
5393,1711,2016-10-29T05:10:39.000Z,organic
5397,1721,2016-07-28T18:36:27.000Z,organic
5402,1721,2016-10-09T19:57:17.000Z,adwords
5404,1721,2016-11-09T20:02:13.000Z,organic
5406,1721,2016-12-02T12:12:16.000Z,adwords
5407,1721,2016-12-07T12:21:09.000Z,adwords
5409,1731,2016-07-14T18:53:19.000Z,organic
5410,1731,2016-07-24T03:21:30.000Z,adwords
5413,1731,2016-08-31T15:47:38.000Z,adwords
5414,1731,2016-09-12T05:00:42.000Z,adwords
5418,1731,2016-12-10T01:16:34.000Z,organic
5420,1741,2015-05-22T06:01:04.000Z,adwords
5421,1741,2015-06-13T11:58:06.000Z,organic
5422,1741,2015-08-04T19:46:02.000Z,adwords
5423,1741,2015-08-04T04:14:06.000Z,adwords
5425,1741,2015-11-25T21:32:37.000Z,organic
5426,1741,2015-12-13T22:23:49.000Z,adwords
5432,1741,2016-05-20T17:06:01.000Z,adwords
5434,1741,2016-06-25T14:03:41.000Z,adwords
5438,1741,2016-09-13T15:06:02.000Z,adwords
5442,1751,2014-02-26T12:45:39.000Z,organic
5443,1751,2014-04-13T11:31:08.000Z,organic
5444,1751,2014-05-27T07:04:54.000Z,adwords
5446,1751,2014-09-01T13:37:36.000Z,organic
5447,1751,2014-12-28T12:24:20.000Z,organic
5454,1751,2015-10-20T03:47:12.000Z,adwords
5457,1751,2016-02-06T15:32:47.000Z,organic
5458,1751,2016-03-26T19:40:37.000Z,organic
5459,1751,2016-05-01T19:01:29.000Z,organic
5460,1751,2016-06-08T06:05:18.000Z,adwords
5465,1751,2016-12-10T09:06:01.000Z,adwords
5466,1761,2016-10-05T07:29:35.000Z,adwords
5471,1771,2016-09-29T16:47:06.000Z,organic
5472,1771,2016-10-19T01:19:10.000Z,organic
5475,1781,2014-07-15T01:52:16.000Z,organic
5479,1781,2014-09-25T05:13:42.000Z,organic
5482,1781,2014-12-30T01:10:50.000Z,adwords
5486,1781,2015-03-02T19:48:54.000Z,adwords
5487,1781,2015-03-16T03:17:56.000Z,organic
5488,1781,2015-04-13T13:43:22.000Z,adwords
5489,1781,2015-04-19T14:41:20.000Z,adwords
5491,1781,2015-05-19T17:42:00.000Z,adwords
5495,1781,2015-07-31T03:48:49.000Z,organic
5500,1781,2015-12-05T17:43:10.000Z,adwords
5501,1781,2015-12-22T22:19:05.000Z,organic
5502,1781,2016-01-12T18:53:48.000Z,adwords
5504,1781,2016-02-05T14:40:53.000Z,adwords
5505,1781,2016-03-09T14:10:31.000Z,organic
5510,1781,2016-05-26T02:36:06.000Z,organic
5511,1781,2016-06-15T21:32:24.000Z,organic
5512,1781,2016-07-06T20:14:33.000Z,adwords
5515,1781,2016-08-25T11:20:27.000Z,organic
5516,1781,2016-09-14T19:09:48.000Z,organic
5522,1781,2016-12-20T19:51:08.000Z,adwords
5523,1791,2013-12-09T19:17:50.000Z,organic
5526,1791,2014-02-19T14:58:31.000Z,adwords
5527,1791,2014-03-08T22:15:20.000Z,adwords
5532,1791,2014-10-22T09:38:21.000Z,organic
5536,1791,2015-01-31T03:23:43.000Z,organic
5538,1791,2015-03-23T22:01:26.000Z,organic
5539,1791,2015-04-22T05:55:12.000Z,adwords
5540,1791,2015-05-02T09:49:44.000Z,adwords
5542,1791,2015-07-05T00:24:28.000Z,adwords
5545,1791,2015-08-20T16:00:33.000Z,adwords
5546,1791,2015-09-10T20:50:39.000Z,adwords
5547,1791,2015-09-19T10:29:22.000Z,organic
5548,1791,2015-10-06T19:43:09.000Z,adwords
5549,1791,2015-10-26T23:18:04.000Z,organic
5555,1791,2016-04-16T04:50:47.000Z,organic
5557,1791,2016-08-23T19:28:05.000Z,organic
5558,1791,2016-09-16T14:32:35.000Z,organic
5559,1791,2016-10-06T20:35:21.000Z,organic
5562,1791,2016-12-31T02:08:50.000Z,adwords
5571,1801,2016-07-06T18:32:49.000Z,organic
5572,1801,2016-08-01T14:38:58.000Z,adwords
5573,1801,2016-08-31T05:29:47.000Z,organic
5574,1801,2016-12-06T00:54:54.000Z,adwords
5581,1831,2016-01-02T21:27:39.000Z,organic
5584,1831,2016-05-25T11:32:08.000Z,organic
5591,1841,2015-12-06T19:45:42.000Z,adwords
5592,1841,2015-12-14T03:26:01.000Z,adwords
5596,1841,2016-04-02T16:51:57.000Z,adwords
5597,1841,2016-04-21T17:44:05.000Z,adwords
5598,1841,2016-05-23T22:03:24.000Z,adwords
5602,1841,2016-08-06T21:34:22.000Z,adwords
5603,1841,2016-08-17T04:53:26.000Z,organic
5606,1841,2016-09-23T12:59:48.000Z,organic
5609,1841,2016-11-16T11:59:00.000Z,organic
5611,1841,2016-12-15T15:37:05.000Z,adwords
5612,1851,2014-06-16T11:35:03.000Z,organic
5618,1851,2014-09-09T10:48:39.000Z,adwords
5620,1851,2014-10-11T16:24:33.000Z,adwords
5626,1851,2015-01-25T13:13:31.000Z,organic
5627,1851,2015-03-26T02:19:42.000Z,adwords
5628,1851,2015-04-24T22:59:40.000Z,organic
5632,1851,2015-07-09T22:56:09.000Z,organic
5633,1851,2015-08-01T19:17:21.000Z,adwords
5637,1851,2015-09-17T18:09:08.000Z,organic
5641,1851,2016-01-06T13:37:28.000Z,adwords
5644,1851,2016-03-06T08:38:16.000Z,organic
5649,1851,2016-05-09T11:59:46.000Z,organic
5650,1851,2016-05-25T04:14:54.000Z,organic
5652,1851,2016-07-18T07:22:03.000Z,organic
5654,1851,2016-09-23T13:32:53.000Z,organic
5658,1851,2016-11-01T18:11:19.000Z,organic
5661,1851,2016-12-31T06:55:38.000Z,organic
5662,1861,2016-12-26T11:17:36.000Z,organic
5663,1871,2013-12-22T13:55:52.000Z,adwords
5668,1871,2014-03-31T08:02:50.000Z,adwords
5669,1871,2014-04-07T19:06:23.000Z,adwords
5671,1871,2014-05-09T21:25:09.000Z,adwords
5678,1871,2014-12-18T18:04:51.000Z,adwords
5679,1871,2015-01-24T03:40:07.000Z,adwords
5680,1871,2015-03-01T00:04:48.000Z,organic
5682,1871,2015-05-11T00:27:42.000Z,organic
5683,1871,2015-06-12T23:49:01.000Z,organic
5684,1871,2015-07-18T16:15:56.000Z,organic
5691,1871,2016-03-17T23:00:35.000Z,adwords
5692,1871,2016-05-02T07:53:18.000Z,adwords
5694,1871,2016-06-25T07:27:57.000Z,organic
5695,1871,2016-08-04T14:11:22.000Z,organic
5697,1871,2016-09-11T13:26:48.000Z,adwords
5699,1871,2016-11-07T00:09:07.000Z,organic
5704,1881,2014-01-28T10:44:42.000Z,adwords
5705,1881,2014-02-06T06:34:01.000Z,adwords
5707,1881,2014-03-02T02:21:59.000Z,organic
5712,1881,2014-05-22T00:49:08.000Z,adwords
5715,1881,2014-07-05T22:02:49.000Z,organic
5716,1881,2014-07-22T20:14:24.000Z,organic
5720,1881,2014-09-16T17:00:25.000Z,adwords
5723,1881,2014-11-01T16:25:15.000Z,organic
5724,1881,2014-11-27T21:53:24.000Z,adwords
5730,1881,2015-03-18T16:15:52.000Z,adwords
5732,1881,2015-05-21T01:54:31.000Z,organic
5735,1881,2015-07-28T10:15:52.000Z,adwords
5739,1881,2015-10-23T17:21:27.000Z,adwords
5740,1881,2015-11-18T09:19:18.000Z,adwords
5749,1881,2016-08-13T12:01:15.000Z,organic
5751,1881,2016-09-10T11:13:21.000Z,organic
5755,1881,2016-11-26T18:34:20.000Z,adwords
5759,1891,2016-06-23T12:12:11.000Z,organic
5761,1891,2016-08-15T21:21:56.000Z,adwords
5765,1911,2016-10-16T08:35:03.000Z,adwords
5767,1911,2016-11-13T00:20:55.000Z,adwords
5772,1921,2015-05-09T23:45:57.000Z,adwords
5775,1921,2015-06-10T05:55:10.000Z,adwords
5777,1931,2016-07-30T22:36:54.000Z,adwords
5781,1931,2016-10-16T02:59:10.000Z,adwords
5783,1931,2016-11-28T03:52:36.000Z,adwords
5784,1931,2016-12-12T02:04:53.000Z,adwords
5785,1931,2016-12-26T06:35:15.000Z,adwords
5791,1941,2016-02-26T06:19:21.000Z,adwords
5792,1941,2016-04-09T13:20:25.000Z,organic
5795,1941,2016-08-09T02:57:37.000Z,organic
5797,1941,2016-10-23T18:50:57.000Z,organic
5801,1951,2014-03-10T00:00:29.000Z,adwords
5805,1951,2014-07-04T10:24:00.000Z,adwords
5807,1951,2014-09-29T15:26:09.000Z,adwords
5808,1951,2014-11-15T18:47:40.000Z,adwords
5813,1951,2015-06-14T17:06:47.000Z,adwords
5814,1951,2015-07-27T16:45:10.000Z,organic
5816,1951,2015-10-03T09:57:03.000Z,organic
5817,1951,2015-11-10T20:20:57.000Z,adwords
5819,1951,2016-02-03T20:15:22.000Z,adwords
5822,1951,2016-06-04T22:53:17.000Z,organic
5823,1951,2016-07-16T15:29:18.000Z,organic
5824,1951,2016-08-13T23:43:28.000Z,organic
5826,1951,2016-11-21T11:24:28.000Z,adwords
5828,1961,2017-01-01T09:31:44.000Z,adwords
5830,1971,2016-12-01T06:01:04.000Z,adwords
5834,1981,2016-01-15T20:53:11.000Z,adwords
5836,1981,2016-01-20T07:14:53.000Z,adwords
5841,1981,2016-04-06T03:50:18.000Z,adwords
5845,1981,2016-05-25T03:46:22.000Z,organic
5847,1991,2016-10-09T06:56:13.000Z,organic
5849,1991,2016-11-18T12:23:51.000Z,organic
5852,2001,2015-10-17T12:54:52.000Z,organic
5853,2001,2015-10-27T02:25:20.000Z,adwords
5855,2001,2015-11-12T03:48:39.000Z,adwords
5857,2001,2015-11-30T15:46:49.000Z,organic
5859,2001,2016-01-20T03:03:04.000Z,adwords
5860,2001,2016-02-06T05:39:52.000Z,organic
5861,2001,2016-03-02T16:14:18.000Z,organic
5863,2001,2016-04-06T15:49:26.000Z,organic
5871,2001,2016-08-17T21:33:18.000Z,adwords
5872,2001,2016-09-06T01:01:48.000Z,organic
5873,2001,2016-09-09T09:56:04.000Z,organic
5874,2001,2016-09-24T22:39:30.000Z,adwords
5876,2001,2016-10-31T21:29:31.000Z,adwords
5883,2011,2016-09-06T21:49:23.000Z,organic
5887,2011,2016-10-31T11:06:30.000Z,adwords
5888,2011,2016-11-17T14:30:31.000Z,adwords
5889,2011,2016-12-05T00:44:57.000Z,organic
5891,2021,2016-10-20T14:09:04.000Z,adwords
5901,2041,2014-12-06T01:54:50.000Z,adwords
5902,2041,2014-12-20T23:17:22.000Z,adwords
5904,2041,2015-01-12T14:23:12.000Z,adwords
5911,2041,2015-04-23T21:43:22.000Z,adwords
5914,2051,2014-02-06T04:16:29.000Z,adwords
5919,2051,2014-06-06T01:09:39.000Z,adwords
5921,2051,2014-08-15T12:26:39.000Z,organic
5923,2051,2014-10-07T16:23:40.000Z,organic
5925,2051,2014-12-26T12:41:25.000Z,adwords
5932,2051,2015-07-11T14:54:59.000Z,organic
5934,2051,2015-09-09T01:57:56.000Z,organic
5935,2051,2015-09-23T10:01:33.000Z,adwords
5938,2051,2015-11-20T08:05:24.000Z,adwords
5939,2051,2015-12-26T06:12:57.000Z,adwords
5940,2051,2016-01-12T09:27:22.000Z,organic
5941,2051,2016-02-06T10:05:56.000Z,organic
5946,2051,2016-04-20T06:36:00.000Z,organic
5958,2051,2016-10-22T00:31:22.000Z,organic
5960,2051,2016-11-06T00:35:53.000Z,organic
5961,2061,2016-12-01T03:54:32.000Z,organic
5965,2071,2016-08-13T17:47:23.000Z,organic
5972,2071,2016-11-23T22:38:24.000Z,adwords
5974,2071,2017-01-01T08:07:26.000Z,adwords
5978,2081,2014-03-12T08:43:28.000Z,organic
5980,2081,2014-05-02T11:11:39.000Z,organic
5981,2081,2014-06-01T16:54:33.000Z,organic
5983,2081,2014-06-30T08:03:23.000Z,adwords
5986,2091,2016-02-22T00:39:03.000Z,adwords
5995,2091,2016-08-27T19:41:39.000Z,organic
6003,2101,2015-10-08T07:09:40.000Z,adwords
6009,2101,2016-02-07T08:58:16.000Z,adwords
6016,2101,2016-08-14T21:09:35.000Z,organic
6019,2111,2013-12-27T21:00:08.000Z,adwords
6021,2121,2016-08-07T16:14:36.000Z,organic
6023,2131,2016-09-08T12:10:52.000Z,organic
6024,2131,2016-09-08T06:08:39.000Z,organic
6030,2141,2015-08-26T04:57:26.000Z,organic
6031,2141,2015-09-30T03:40:33.000Z,organic
6032,2141,2015-11-05T01:21:50.000Z,adwords
6035,2141,2016-02-14T21:53:06.000Z,organic
6037,2141,2016-05-14T07:13:27.000Z,organic
6038,2141,2016-06-26T05:05:15.000Z,organic
6041,2141,2016-09-22T18:27:50.000Z,adwords
6043,2141,2016-11-12T04:38:08.000Z,adwords
6044,2141,2016-12-18T00:34:51.000Z,organic
6049,2151,2016-07-22T12:30:31.000Z,adwords
6051,2151,2016-08-03T07:42:06.000Z,adwords
6052,2151,2016-08-16T05:20:16.000Z,adwords
6056,2161,2016-11-13T22:39:30.000Z,organic
6058,2171,2016-06-18T04:10:38.000Z,organic
6059,2181,2013-12-24T01:35:48.000Z,adwords
6062,2181,2014-03-20T01:51:03.000Z,adwords
6063,2181,2014-04-25T05:20:19.000Z,organic
6071,2181,2014-11-01T13:13:15.000Z,organic
6074,2181,2015-01-08T00:16:46.000Z,organic
6076,2181,2015-03-11T08:17:45.000Z,organic
6077,2181,2015-06-06T20:00:43.000Z,adwords
6078,2181,2015-07-07T03:04:12.000Z,organic
6079,2181,2015-07-15T09:49:41.000Z,adwords
6084,2181,2015-12-27T07:00:22.000Z,organic
6085,2181,2016-01-28T23:46:55.000Z,adwords
6086,2181,2016-02-19T20:35:17.000Z,organic
6089,2181,2016-05-06T06:00:14.000Z,organic
6092,2181,2016-07-16T06:57:38.000Z,adwords
6093,2181,2016-08-17T06:59:56.000Z,adwords
6099,2191,2016-01-27T11:27:46.000Z,organic
6101,2191,2016-02-28T04:30:57.000Z,organic
6102,2191,2016-02-28T05:59:31.000Z,organic
6104,2191,2016-04-21T18:22:45.000Z,organic
6106,2191,2016-06-16T11:16:21.000Z,organic
6108,2191,2016-07-12T11:17:58.000Z,adwords
6109,2191,2016-08-06T01:26:53.000Z,adwords
6110,2191,2016-09-08T07:02:22.000Z,organic
6115,2201,2016-09-29T16:29:49.000Z,adwords
6118,2201,2016-12-17T03:04:28.000Z,adwords
6119,2211,2016-07-15T16:09:12.000Z,organic
6120,2211,2016-08-05T03:49:03.000Z,organic
6122,2211,2016-08-23T00:20:20.000Z,adwords
6123,2211,2016-08-30T06:36:25.000Z,organic
6126,2211,2016-10-11T22:56:55.000Z,organic
6129,2211,2016-11-08T22:08:42.000Z,organic
6132,2221,2016-11-14T21:51:46.000Z,adwords
6136,2231,2014-01-26T12:30:26.000Z,organic
6137,2231,2014-02-22T11:59:31.000Z,adwords
6138,2231,2014-03-10T03:26:53.000Z,organic
6139,2231,2014-04-15T01:59:48.000Z,organic
6140,2231,2014-05-20T00:03:05.000Z,adwords
6142,2231,2014-07-08T20:14:49.000Z,organic
6145,2231,2015-09-21T16:20:59.000Z,adwords
6149,2241,2016-03-20T05:24:49.000Z,organic
6151,2241,2016-06-07T10:15:25.000Z,adwords
6152,2241,2016-06-07T21:12:13.000Z,organic
6155,2241,2016-07-12T00:19:02.000Z,adwords
6156,2241,2016-08-10T17:10:28.000Z,organic
6162,2241,2016-11-03T16:49:35.000Z,organic
6163,2241,2016-11-16T09:20:21.000Z,adwords
6164,2241,2016-11-29T17:27:49.000Z,adwords
6173,2271,2015-04-28T21:57:33.000Z,organic
6175,2271,2015-06-20T07:25:50.000Z,adwords
6179,2271,2016-04-02T20:39:31.000Z,adwords
6184,2271,2016-11-14T09:00:21.000Z,adwords
6187,2281,2016-05-22T08:43:10.000Z,adwords
6188,2281,2016-06-10T13:04:12.000Z,organic
6190,2281,2016-07-20T13:20:09.000Z,adwords
6196,2281,2016-11-11T16:21:39.000Z,organic
6198,2281,2016-11-30T03:43:12.000Z,organic
6200,2281,2016-12-30T03:43:11.000Z,adwords
6202,2291,2016-02-22T13:12:34.000Z,organic
6204,2291,2016-03-07T05:04:56.000Z,adwords
6205,2291,2016-03-18T04:58:15.000Z,organic
6212,2311,2016-09-19T02:32:47.000Z,adwords
6218,2321,2016-12-21T22:25:34.000Z,adwords
6221,2331,2014-03-10T09:46:22.000Z,organic
6223,2331,2014-06-10T02:38:45.000Z,adwords
6224,2331,2014-07-17T13:34:07.000Z,organic
6226,2331,2014-10-11T05:11:02.000Z,adwords
6227,2331,2014-11-24T12:14:03.000Z,adwords
6230,2331,2015-09-23T01:14:36.000Z,adwords
6232,2331,2015-12-16T10:56:26.000Z,organic
6233,2331,2016-01-25T23:19:35.000Z,organic
6237,2331,2016-03-30T03:12:21.000Z,adwords
6240,2341,2014-12-17T23:46:11.000Z,adwords
6247,2341,2015-03-19T01:55:16.000Z,adwords
6256,2341,2015-09-11T02:59:53.000Z,organic
6257,2341,2015-09-26T01:03:05.000Z,adwords
6258,2341,2015-10-19T06:25:38.000Z,adwords
6261,2341,2015-12-24T21:03:15.000Z,adwords
6262,2341,2016-01-18T05:31:59.000Z,organic
6263,2341,2016-01-24T04:59:25.000Z,adwords
6264,2341,2016-02-10T10:06:29.000Z,organic
6265,2341,2016-02-25T16:11:16.000Z,adwords
6267,2341,2016-03-14T01:38:16.000Z,organic
6272,2351,2014-01-26T00:51:39.000Z,adwords
6276,2351,2014-04-08T09:09:40.000Z,organic
6277,2351,2014-05-02T20:37:01.000Z,adwords
6281,2351,2014-08-02T06:29:11.000Z,organic
6283,2351,2014-10-07T15:53:32.000Z,organic
6284,2351,2014-10-27T02:15:33.000Z,organic
6287,2351,2014-12-14T16:52:29.000Z,organic
6289,2351,2015-01-15T09:13:18.000Z,organic
6290,2351,2015-02-15T08:37:03.000Z,organic
6298,2351,2015-07-24T19:05:14.000Z,organic
6299,2351,2015-08-14T05:16:10.000Z,organic
6302,2351,2015-09-24T22:29:15.000Z,adwords
6305,2351,2015-11-26T12:00:19.000Z,adwords
6306,2351,2015-12-19T20:27:56.000Z,adwords
6307,2351,2016-01-08T07:35:24.000Z,adwords
6311,2351,2016-04-19T03:53:29.000Z,adwords
6313,2351,2016-05-28T13:57:04.000Z,organic
6316,2351,2016-07-29T06:30:08.000Z,organic
6318,2351,2016-09-06T12:38:38.000Z,organic
6319,2351,2016-09-07T14:04:31.000Z,adwords
6325,2351,2016-12-20T00:04:00.000Z,organic
6327,2361,2015-06-14T17:21:52.000Z,adwords
6331,2361,2015-08-06T13:36:49.000Z,organic
6332,2361,2015-08-28T07:59:08.000Z,adwords
6337,2361,2015-11-28T17:31:44.000Z,adwords
6338,2361,2015-12-22T17:36:12.000Z,organic
6339,2361,2016-01-11T11:15:09.000Z,adwords
6340,2361,2016-02-02T00:09:37.000Z,adwords
6342,2361,2016-03-15T04:38:07.000Z,organic
6343,2361,2016-03-15T06:57:58.000Z,organic
6348,2371,2014-01-11T08:06:17.000Z,organic
6349,2381,2013-12-14T04:15:04.000Z,adwords
6351,2381,2014-01-16T22:17:28.000Z,adwords
6352,2381,2014-01-18T03:03:37.000Z,organic
6364,2381,2014-09-15T22:02:48.000Z,organic
6365,2381,2014-10-23T05:43:35.000Z,organic
6366,2381,2014-11-08T10:23:46.000Z,adwords
6369,2381,2014-12-15T09:00:14.000Z,adwords
6370,2381,2015-01-19T13:04:24.000Z,organic
6372,2381,2015-02-25T05:47:37.000Z,organic
6373,2381,2015-03-03T01:14:03.000Z,adwords
6375,2381,2015-03-29T08:49:17.000Z,organic
6376,2381,2015-04-06T01:02:35.000Z,adwords
6380,2381,2015-09-20T07:05:55.000Z,organic
6386,2381,2016-02-25T12:33:38.000Z,organic
6393,2381,2016-07-27T07:56:53.000Z,adwords
6395,2381,2016-09-11T00:35:31.000Z,adwords
6397,2381,2016-10-17T16:05:50.000Z,organic
6398,2381,2016-11-04T12:32:20.000Z,adwords
6400,2381,2016-12-09T14:28:26.000Z,organic
6403,2391,2016-08-22T13:10:14.000Z,organic
6410,2391,2016-11-12T08:43:19.000Z,organic
6412,2391,2016-12-25T11:13:47.000Z,adwords
6413,2401,2016-07-31T16:06:58.000Z,adwords
6414,2401,2016-08-17T04:08:44.000Z,organic
6415,2401,2016-11-26T02:50:29.000Z,adwords
6416,2401,2016-12-30T17:51:36.000Z,adwords
6418,2411,2013-12-29T18:26:38.000Z,organic
6419,2411,2014-01-10T15:59:43.000Z,adwords
6420,2411,2014-02-02T08:45:23.000Z,adwords
6421,2411,2014-02-19T07:40:42.000Z,adwords
6423,2411,2014-03-26T00:29:01.000Z,organic
6426,2411,2014-06-23T06:13:55.000Z,organic
6427,2411,2014-08-02T16:54:25.000Z,organic
6432,2411,2014-10-16T03:53:21.000Z,adwords
6434,2411,2014-11-12T19:43:36.000Z,organic
6435,2411,2014-12-10T00:21:57.000Z,organic
6437,2411,2015-01-30T01:54:32.000Z,organic
6440,2411,2015-04-08T18:12:03.000Z,organic
6441,2411,2015-05-01T05:35:20.000Z,adwords
6448,2411,2015-11-12T16:57:22.000Z,organic
6455,2411,2016-02-29T17:52:55.000Z,adwords
6460,2421,2016-11-20T05:16:10.000Z,organic
6461,2421,2016-12-18T18:55:56.000Z,organic
6464,2441,2016-08-23T12:02:53.000Z,adwords
6470,2461,2013-12-29T09:18:40.000Z,adwords
6472,2461,2014-03-11T07:06:08.000Z,organic
6474,2461,2014-07-05T10:38:08.000Z,adwords
6475,2461,2014-08-18T19:40:51.000Z,organic
6480,2461,2015-02-27T03:55:10.000Z,organic
6483,2461,2015-05-17T05:11:56.000Z,organic
6484,2461,2015-07-16T17:03:14.000Z,adwords
6489,2461,2016-01-22T15:50:43.000Z,organic
6492,2461,2016-04-09T01:13:51.000Z,organic
6493,2471,2016-07-17T13:22:41.000Z,adwords
6496,2471,2016-10-12T08:08:58.000Z,organic
6497,2471,2016-11-15T07:23:53.000Z,adwords
6498,2471,2016-12-20T15:49:34.000Z,organic
6505,2481,2014-03-30T18:50:46.000Z,organic
6511,2481,2014-06-19T00:20:18.000Z,adwords
6515,2491,2016-11-13T09:24:32.000Z,adwords
6517,2501,2016-04-12T12:08:29.000Z,organic
6520,2501,2016-07-14T00:22:07.000Z,organic
6523,2501,2016-08-30T00:08:20.000Z,organic
6524,2501,2016-10-14T04:34:41.000Z,organic
6527,2511,2016-08-06T06:06:22.000Z,organic
6528,2511,2016-08-28T18:07:21.000Z,organic
6530,2511,2016-10-01T19:25:09.000Z,adwords
6531,2511,2016-10-19T06:16:47.000Z,adwords
6532,2511,2016-11-14T15:03:32.000Z,adwords
6533,2511,2016-12-12T09:05:35.000Z,adwords
6534,2521,2016-05-14T22:19:37.000Z,organic
6538,2521,2016-08-16T22:01:23.000Z,adwords
6542,2531,2014-03-11T02:36:14.000Z,adwords
6545,2531,2014-07-08T12:11:43.000Z,adwords
6551,2541,2014-05-22T06:20:25.000Z,adwords
6556,2541,2014-09-18T20:09:36.000Z,organic
6557,2541,2014-12-31T17:46:25.000Z,organic
6561,2541,2015-05-27T11:50:35.000Z,organic
6562,2541,2015-06-30T13:20:48.000Z,organic
6563,2541,2015-08-09T13:28:41.000Z,organic
6565,2541,2015-10-18T22:25:26.000Z,organic
6566,2541,2015-11-22T04:30:42.000Z,adwords
6567,2541,2016-01-06T00:15:28.000Z,organic
6568,2541,2016-02-03T07:06:02.000Z,adwords
6569,2541,2016-03-01T17:08:07.000Z,adwords
6572,2541,2016-04-26T09:22:12.000Z,adwords
6573,2541,2016-04-26T15:40:34.000Z,adwords
6575,2541,2016-07-18T11:48:04.000Z,organic
6580,2551,2016-07-25T10:35:29.000Z,organic
6581,2551,2016-08-20T17:27:32.000Z,organic
6582,2551,2016-09-06T02:08:00.000Z,adwords
6586,2551,2016-10-14T17:12:39.000Z,adwords
6591,2551,2016-12-08T13:57:18.000Z,organic
6595,2571,2014-01-18T12:17:03.000Z,adwords
6598,2571,2014-04-25T20:00:48.000Z,organic
6602,2571,2014-08-02T17:06:31.000Z,organic
6606,2571,2014-12-22T13:29:26.000Z,adwords
6607,2571,2015-01-21T16:10:31.000Z,adwords
6615,2581,2016-11-15T15:14:31.000Z,organic
6617,2581,2016-12-10T01:23:05.000Z,adwords
6619,2591,2014-01-13T15:02:40.000Z,organic
6620,2591,2014-02-08T08:26:20.000Z,adwords
6621,2591,2014-05-08T14:47:34.000Z,organic
6623,2591,2014-07-12T05:45:32.000Z,adwords
6626,2591,2014-11-05T12:10:24.000Z,organic
6638,2601,2015-03-27T14:01:13.000Z,organic
6640,2601,2015-06-11T02:51:45.000Z,adwords
6643,2601,2015-08-16T11:55:15.000Z,adwords
6644,2601,2015-09-05T10:56:16.000Z,adwords
6651,2601,2016-02-01T06:56:33.000Z,adwords
6652,2601,2016-02-19T06:55:47.000Z,organic
6657,2601,2016-06-20T18:48:25.000Z,adwords
6658,2601,2016-07-27T02:41:28.000Z,adwords
6661,2601,2016-10-08T04:50:29.000Z,organic
6662,2601,2016-10-30T02:43:35.000Z,adwords
6666,2611,2015-11-20T23:02:29.000Z,organic
6668,2611,2016-04-13T02:22:45.000Z,organic
6670,2611,2016-05-16T11:23:26.000Z,adwords
6671,2611,2016-06-07T12:07:43.000Z,adwords
6672,2611,2016-06-21T12:56:41.000Z,adwords
6675,2611,2016-08-10T17:25:11.000Z,adwords
6676,2611,2016-08-27T11:48:47.000Z,adwords
6678,2611,2016-10-02T18:33:09.000Z,adwords
6681,2611,2016-11-16T15:18:29.000Z,adwords
6682,2611,2016-11-26T08:09:49.000Z,adwords
6690,2631,2014-01-11T11:15:03.000Z,adwords
6691,2631,2014-01-21T14:55:58.000Z,adwords
6693,2631,2014-02-20T09:01:56.000Z,adwords
6696,2631,2014-04-07T05:26:48.000Z,organic
6697,2631,2014-04-07T12:02:34.000Z,organic
6698,2631,2014-10-23T08:12:48.000Z,organic
6703,2631,2015-09-03T15:32:18.000Z,adwords
6705,2641,2016-03-27T13:11:37.000Z,organic
6706,2641,2016-06-29T05:30:31.000Z,adwords
6712,2641,2016-10-13T21:59:45.000Z,adwords
6714,2651,2016-04-21T12:56:40.000Z,adwords
6716,2651,2016-05-25T08:39:11.000Z,organic
6718,2651,2016-10-11T14:33:52.000Z,organic
6720,2651,2016-10-28T22:40:43.000Z,adwords
6721,2651,2016-11-10T18:39:19.000Z,adwords
6723,2651,2016-12-03T08:33:47.000Z,adwords
6724,2661,2016-06-02T04:57:06.000Z,organic
6725,2661,2016-06-30T00:56:14.000Z,adwords
6728,2661,2016-08-08T18:33:26.000Z,organic
6729,2661,2016-08-19T17:31:51.000Z,adwords
6730,2661,2016-09-05T11:27:06.000Z,organic
6732,2661,2016-10-14T19:47:29.000Z,adwords
6739,2671,2015-01-02T16:16:08.000Z,adwords
6740,2671,2015-01-23T13:32:59.000Z,organic
6742,2671,2015-02-21T09:59:26.000Z,adwords
6743,2671,2015-03-16T09:57:44.000Z,adwords
6744,2671,2015-03-28T13:54:37.000Z,adwords
6745,2671,2015-04-11T23:07:35.000Z,organic
6747,2671,2015-05-16T08:33:51.000Z,organic
6749,2671,2015-06-16T08:47:36.000Z,organic
6750,2671,2015-07-10T06:07:37.000Z,adwords
6751,2671,2015-09-24T07:53:58.000Z,organic
6753,2681,2015-05-04T07:47:11.000Z,organic
6756,2681,2015-08-10T00:28:14.000Z,adwords
6759,2681,2015-12-22T16:17:02.000Z,adwords
6766,2681,2016-07-16T08:14:15.000Z,adwords
6768,2681,2016-09-10T12:49:05.000Z,organic
6769,2681,2016-10-10T18:33:02.000Z,adwords
6770,2681,2016-11-02T11:52:24.000Z,adwords
6774,2691,2015-09-01T06:02:42.000Z,adwords
6778,2691,2015-11-04T07:00:08.000Z,adwords
6783,2691,2016-01-22T08:59:49.000Z,organic
6784,2691,2016-02-23T19:16:38.000Z,adwords
6787,2691,2016-05-02T14:03:48.000Z,organic
6789,2691,2016-07-23T07:48:29.000Z,adwords
6790,2691,2016-09-01T23:17:37.000Z,adwords
6791,2691,2016-09-20T07:31:51.000Z,organic
6792,2691,2016-10-05T22:31:56.000Z,organic
6794,2691,2016-11-29T22:42:32.000Z,adwords
6801,2701,2016-07-11T10:37:27.000Z,organic
6803,2701,2016-09-25T07:15:43.000Z,adwords
6805,2711,2016-05-05T14:01:49.000Z,adwords
6810,2711,2016-07-26T06:40:01.000Z,organic
6812,2711,2016-08-21T10:13:50.000Z,organic
6813,2711,2016-08-30T03:07:45.000Z,adwords
6814,2711,2016-09-20T09:22:36.000Z,adwords
6816,2711,2016-11-27T18:56:46.000Z,organic
6817,2711,2016-12-15T10:23:36.000Z,adwords
6818,2711,2016-12-24T01:51:58.000Z,adwords
6825,2731,2014-02-10T13:38:49.000Z,organic
6827,2731,2014-03-16T20:41:09.000Z,organic
6828,2731,2014-05-10T00:03:40.000Z,adwords
6829,2731,2014-06-07T15:32:11.000Z,adwords
6833,2731,2014-09-23T09:31:09.000Z,organic
6836,2731,2014-11-15T16:56:45.000Z,adwords
6838,2731,2015-01-08T13:04:31.000Z,adwords
6840,2731,2015-02-04T05:54:50.000Z,organic
6842,2731,2015-07-16T12:20:03.000Z,organic
6843,2731,2015-07-24T10:06:46.000Z,adwords
6845,2731,2015-08-16T14:14:57.000Z,adwords
6849,2731,2015-10-14T21:33:36.000Z,adwords
6850,2731,2015-10-24T15:00:57.000Z,adwords
6851,2731,2015-11-10T08:35:26.000Z,adwords
6852,2731,2015-11-26T23:06:27.000Z,adwords
6857,2731,2016-02-18T22:21:23.000Z,organic
6860,2731,2016-03-23T11:57:28.000Z,adwords
6861,2731,2016-03-27T19:41:59.000Z,organic
6866,2731,2016-08-08T00:52:35.000Z,organic
6868,2731,2016-09-11T06:09:06.000Z,organic
6869,2731,2016-09-25T00:02:22.000Z,organic
6875,2741,2016-07-19T11:45:47.000Z,organic
6877,2741,2016-09-14T20:40:25.000Z,adwords
6881,2741,2016-12-24T22:28:04.000Z,adwords
6883,2751,2016-10-28T13:50:11.000Z,organic
6884,2761,2016-10-12T08:06:51.000Z,adwords
6886,2761,2016-12-08T08:55:46.000Z,organic
6887,2771,2013-12-19T04:12:48.000Z,adwords
6888,2771,2013-12-27T22:06:59.000Z,adwords
6889,2771,2014-01-09T16:40:19.000Z,organic
6891,2771,2014-01-24T23:31:06.000Z,organic
6892,2771,2014-02-07T01:19:57.000Z,organic
6895,2771,2014-02-24T23:26:32.000Z,adwords
6899,2771,2014-04-26T10:40:01.000Z,adwords
6900,2771,2014-05-12T20:57:14.000Z,organic
6901,2771,2014-05-23T04:17:07.000Z,adwords
6906,2771,2014-08-13T17:12:55.000Z,organic
6908,2771,2014-09-09T10:23:31.000Z,adwords
6912,2771,2014-10-28T15:26:39.000Z,adwords
6918,2791,2016-11-16T11:27:20.000Z,organic
6919,2791,2016-12-03T07:52:35.000Z,organic
6923,2801,2016-04-13T01:51:02.000Z,adwords
6932,2801,2016-09-29T08:20:36.000Z,organic
6933,2801,2016-10-16T11:41:07.000Z,adwords
6935,2801,2016-11-21T01:58:05.000Z,adwords
6937,2801,2016-12-29T14:51:48.000Z,organic
6938,2811,2016-10-01T11:02:15.000Z,adwords
6939,2811,2016-10-27T20:58:20.000Z,adwords
6950,2821,2016-10-28T18:31:08.000Z,adwords
6956,2831,2016-04-26T03:49:24.000Z,organic
6957,2831,2016-05-28T15:11:50.000Z,organic
6959,2831,2016-08-07T09:57:25.000Z,organic
6960,2831,2016-09-15T19:22:49.000Z,adwords
6961,2831,2016-11-12T04:28:19.000Z,organic
6963,2841,2016-01-16T20:24:37.000Z,adwords
6970,2841,2016-05-18T12:21:11.000Z,adwords
6971,2841,2016-06-10T20:27:54.000Z,organic
6974,2841,2016-07-03T07:19:50.000Z,organic
6977,2841,2016-08-07T21:35:53.000Z,adwords
6978,2841,2016-08-13T16:32:54.000Z,organic
6993,2851,2016-02-03T05:27:30.000Z,adwords
6997,2861,2014-02-19T22:20:51.000Z,organic
7001,2861,2014-06-03T02:04:42.000Z,organic
7002,2861,2014-06-25T03:50:05.000Z,adwords
7003,2861,2014-07-07T20:31:26.000Z,adwords
7005,2861,2014-08-10T05:42:05.000Z,organic
7009,2861,2014-11-14T03:20:54.000Z,adwords
7010,2861,2014-12-15T23:37:39.000Z,adwords
7011,2861,2015-01-17T00:25:21.000Z,organic
7014,2861,2015-02-20T13:31:29.000Z,organic
7019,2871,2013-12-14T18:38:34.000Z,organic
7020,2871,2014-01-19T17:27:34.000Z,adwords
7021,2871,2014-02-07T23:32:55.000Z,organic
7025,2871,2014-04-08T05:46:06.000Z,organic
7027,2871,2014-05-02T09:47:11.000Z,organic
7028,2871,2014-05-16T13:52:45.000Z,organic
7034,2871,2014-09-01T02:53:00.000Z,adwords
7037,2871,2014-10-01T09:51:44.000Z,organic
7039,2871,2014-10-20T05:58:09.000Z,adwords
7042,2871,2015-01-03T01:16:33.000Z,adwords
7043,2871,2015-01-03T23:01:48.000Z,adwords
7045,2871,2015-03-22T07:32:40.000Z,organic
7046,2871,2015-04-11T12:33:06.000Z,organic
7047,2871,2015-05-09T22:52:09.000Z,organic
7049,2871,2015-06-20T12:11:40.000Z,adwords
7050,2871,2015-08-21T19:55:31.000Z,organic
7054,2871,2015-11-22T02:19:19.000Z,organic
7059,2871,2016-02-09T21:24:17.000Z,organic
7061,2871,2016-04-17T20:53:52.000Z,organic
7063,2871,2016-06-08T07:15:25.000Z,organic
7065,2871,2016-07-18T13:17:39.000Z,organic
7066,2871,2016-10-13T18:41:31.000Z,organic
7069,2871,2016-12-02T00:33:20.000Z,organic
7070,2871,2016-12-02T00:13:38.000Z,organic
7073,2881,2014-01-06T14:10:35.000Z,adwords
7074,2881,2014-01-28T20:04:21.000Z,organic
7075,2881,2014-02-25T17:57:10.000Z,adwords
7077,2881,2014-03-03T06:12:15.000Z,organic
7079,2881,2014-03-20T05:42:16.000Z,adwords
7082,2881,2014-06-04T15:47:48.000Z,adwords
7086,2881,2014-08-18T06:01:06.000Z,adwords
7087,2881,2014-09-09T02:09:13.000Z,organic
7093,2881,2015-02-09T03:55:02.000Z,organic
7094,2881,2015-03-03T15:25:05.000Z,organic
7101,2881,2015-08-27T12:51:55.000Z,adwords
7102,2881,2015-09-20T23:47:57.000Z,adwords
7103,2881,2015-09-22T22:58:00.000Z,adwords
7104,2881,2015-09-27T15:02:25.000Z,adwords
7106,2881,2016-01-09T18:04:50.000Z,organic
7108,2891,2016-12-18T14:27:03.000Z,adwords
7112,2901,2016-07-03T03:58:23.000Z,organic
7113,2901,2016-08-04T09:27:35.000Z,organic
7115,2901,2016-09-29T18:42:21.000Z,organic
7116,2901,2016-10-14T14:22:25.000Z,organic
7118,2901,2016-12-19T06:12:11.000Z,organic
7124,2911,2016-04-25T03:01:02.000Z,adwords
7126,2911,2016-06-21T23:27:15.000Z,adwords
7131,2911,2016-10-24T08:23:50.000Z,adwords
7141,2921,2016-09-19T10:28:59.000Z,adwords
7142,2921,2016-10-16T22:34:11.000Z,adwords
7150,2931,2014-06-03T01:39:15.000Z,adwords
7152,2931,2014-08-03T19:45:53.000Z,organic
7153,2931,2014-09-27T19:19:05.000Z,organic
7154,2931,2014-10-21T02:06:38.000Z,organic
7158,2931,2015-02-27T09:54:21.000Z,adwords
7159,2931,2015-11-09T09:28:08.000Z,organic
7162,2931,2016-01-11T09:01:08.000Z,adwords
7164,2931,2016-02-07T14:06:56.000Z,organic
7166,2931,2016-06-19T22:20:07.000Z,adwords
7167,2931,2016-07-24T10:23:31.000Z,organic
7168,2931,2016-09-08T00:34:35.000Z,adwords
7169,2931,2016-09-08T22:10:19.000Z,adwords
7173,2941,2016-12-28T21:46:53.000Z,organic
7179,2951,2016-04-25T14:19:32.000Z,organic
7181,2951,2016-05-31T17:15:55.000Z,organic
7183,2951,2016-06-29T11:53:49.000Z,adwords
7185,2951,2016-08-10T05:04:30.000Z,organic
7187,2951,2016-08-31T15:45:08.000Z,adwords
7188,2951,2016-09-23T20:37:24.000Z,adwords
7192,2951,2016-12-19T13:25:35.000Z,organic
7207,2971,2014-06-05T06:44:35.000Z,organic
7217,2971,2014-11-17T20:16:34.000Z,adwords
7221,2971,2015-02-20T16:34:14.000Z,adwords
7222,2971,2015-03-08T04:38:12.000Z,organic
7223,2971,2015-04-10T22:38:06.000Z,adwords
7224,2971,2015-05-09T19:36:51.000Z,organic
7225,2971,2015-06-01T20:36:21.000Z,organic
7226,2971,2015-06-20T13:52:15.000Z,organic
7228,2971,2015-08-25T13:13:40.000Z,adwords
7229,2971,2015-08-29T11:59:07.000Z,adwords
7231,2971,2015-08-29T03:27:30.000Z,adwords
7232,2971,2015-09-10T19:48:22.000Z,adwords
7238,2971,2015-11-22T10:29:10.000Z,organic
7239,2971,2015-11-22T19:07:42.000Z,organic
7241,2971,2015-12-29T00:19:58.000Z,adwords
7242,2971,2016-01-19T13:26:22.000Z,organic
7246,2981,2016-08-04T21:41:01.000Z,organic
7249,2981,2016-11-24T07:45:26.000Z,organic
7251,2991,2016-03-01T17:56:58.000Z,adwords
7252,2991,2016-03-24T07:37:33.000Z,adwords
7259,3001,2016-01-21T18:42:49.000Z,organic
7260,3001,2016-02-05T23:41:27.000Z,adwords
7262,3001,2016-04-04T21:49:15.000Z,organic
7263,3001,2016-04-28T09:54:48.000Z,organic
7265,3001,2016-06-04T18:02:10.000Z,adwords
7266,3001,2016-06-25T03:10:43.000Z,adwords
7268,3001,2016-07-16T08:35:14.000Z,organic
7269,3001,2016-07-25T08:23:08.000Z,adwords
7270,3001,2016-08-16T16:20:54.000Z,organic
7271,3001,2017-01-01T23:51:09.000Z,organic
7273,3011,2016-06-07T10:12:01.000Z,organic
7275,3011,2016-07-08T07:40:04.000Z,adwords
7276,3011,2016-07-08T16:44:16.000Z,adwords
7278,3011,2016-08-08T14:34:10.000Z,organic
7280,3011,2016-09-18T18:55:49.000Z,organic
7282,3011,2016-10-20T01:10:25.000Z,organic
7285,3021,2016-12-03T06:32:08.000Z,adwords
7286,3031,2016-04-11T18:14:15.000Z,organic
7287,3031,2016-06-05T11:50:44.000Z,adwords
7288,3031,2016-10-16T11:33:52.000Z,adwords
7289,3031,2016-11-14T13:24:32.000Z,organic
7291,3041,2016-03-10T22:58:42.000Z,organic
7298,3041,2016-10-19T21:57:16.000Z,adwords
7299,3041,2016-11-24T11:22:54.000Z,organic
7301,3051,2013-12-17T00:18:52.000Z,organic
7303,3051,2014-02-02T12:09:36.000Z,adwords
7305,3051,2014-03-03T20:26:31.000Z,adwords
7308,3051,2014-04-14T13:35:00.000Z,adwords
7309,3051,2014-05-04T03:09:41.000Z,adwords
7311,3051,2014-06-30T19:26:08.000Z,organic
7315,3051,2014-09-22T08:08:44.000Z,organic
7316,3051,2014-10-12T18:38:02.000Z,adwords
7318,3051,2014-10-30T10:56:20.000Z,organic
7326,3051,2015-03-29T10:15:12.000Z,organic
7327,3051,2015-04-12T03:08:30.000Z,adwords
7328,3051,2015-04-21T16:52:12.000Z,adwords
7330,3051,2015-05-20T23:43:03.000Z,adwords
7333,3051,2015-07-19T18:53:34.000Z,organic
7336,3051,2015-08-12T21:53:15.000Z,adwords
7337,3051,2015-08-30T09:43:00.000Z,adwords
7339,3051,2015-09-11T17:09:25.000Z,adwords
7340,3051,2015-09-23T14:44:01.000Z,adwords
7341,3051,2015-10-09T04:47:54.000Z,organic
7345,3051,2015-12-12T04:05:11.000Z,organic
7349,3051,2016-03-01T13:07:26.000Z,adwords
7351,3051,2016-04-10T22:04:34.000Z,adwords
7352,3051,2016-04-12T08:10:57.000Z,organic
7355,3051,2016-06-24T19:48:35.000Z,organic
7356,3051,2016-07-17T17:31:53.000Z,organic
7357,3051,2016-08-16T09:33:40.000Z,organic
7360,3051,2016-09-21T00:27:03.000Z,organic
7361,3051,2016-10-12T21:57:47.000Z,organic
7363,3051,2016-11-13T11:27:33.000Z,adwords
7364,3061,2015-02-06T17:43:45.000Z,adwords
7368,3061,2015-03-26T04:02:05.000Z,adwords
7369,3061,2015-04-12T21:16:30.000Z,organic
7371,3061,2015-05-04T17:06:57.000Z,organic
7372,3061,2015-05-29T06:19:57.000Z,adwords
7376,3061,2015-08-01T03:42:30.000Z,adwords
7377,3061,2015-08-01T01:56:22.000Z,organic
7378,3061,2015-08-18T01:17:49.000Z,organic
7381,3061,2015-10-23T09:55:32.000Z,adwords
7383,3061,2015-11-22T00:35:50.000Z,organic
7385,3061,2016-01-19T17:25:53.000Z,organic
7386,3061,2016-01-29T10:35:29.000Z,organic
7387,3061,2016-02-16T03:07:47.000Z,organic
7388,3061,2016-03-21T10:02:30.000Z,organic
7389,3061,2016-04-12T06:18:58.000Z,adwords
7392,3061,2016-07-06T00:22:05.000Z,organic
7396,3061,2016-08-13T18:10:42.000Z,organic
7397,3061,2016-08-19T04:33:16.000Z,organic
7398,3061,2016-09-12T00:51:01.000Z,organic
7399,3061,2016-10-20T13:51:20.000Z,organic
7402,3061,2016-12-25T14:38:11.000Z,adwords
7405,3081,2016-05-22T19:40:01.000Z,organic
7406,3081,2016-06-11T06:17:48.000Z,organic
7408,3081,2016-06-29T07:49:16.000Z,adwords
7409,3081,2016-07-31T09:51:57.000Z,adwords
7412,3081,2016-09-22T04:20:33.000Z,organic
7413,3081,2016-09-25T19:20:48.000Z,adwords
7415,3081,2016-10-27T16:21:53.000Z,adwords
7416,3081,2016-11-13T04:24:14.000Z,adwords
7420,3091,2016-12-15T14:46:58.000Z,adwords
7422,3101,2013-12-31T02:45:18.000Z,adwords
7423,3101,2014-01-16T03:02:48.000Z,adwords
7428,3101,2016-05-07T04:06:20.000Z,adwords
7429,3101,2016-05-16T12:10:05.000Z,adwords
7433,3101,2016-06-23T07:34:58.000Z,organic
7434,3101,2016-07-04T06:08:24.000Z,adwords
7436,3101,2016-07-19T20:27:36.000Z,adwords
7441,3101,2016-09-30T02:48:29.000Z,organic
7445,3101,2016-11-28T15:45:12.000Z,adwords
7449,3121,2016-02-07T18:26:18.000Z,organic
7460,3121,2016-12-02T17:01:12.000Z,adwords
7461,3121,2016-12-21T20:05:18.000Z,adwords
7465,3141,2013-12-09T05:28:27.000Z,organic
7466,3141,2013-12-25T07:25:03.000Z,adwords
7468,3141,2014-02-24T02:48:07.000Z,organic
7469,3141,2014-03-10T07:52:03.000Z,adwords
7471,3141,2014-04-29T03:21:53.000Z,organic
7472,3141,2014-05-26T04:17:54.000Z,organic
7474,3141,2014-07-06T11:50:15.000Z,organic
7478,3161,2015-09-18T14:30:04.000Z,organic
7480,3161,2015-12-05T19:05:40.000Z,adwords
7483,3161,2016-03-18T03:50:44.000Z,adwords
7484,3161,2016-05-14T20:41:43.000Z,organic
7487,3161,2016-10-26T09:59:08.000Z,adwords
7489,3171,2016-05-25T13:31:55.000Z,adwords
7497,3171,2016-11-09T01:30:38.000Z,adwords
7501,3181,2015-11-28T23:02:51.000Z,adwords
7503,3181,2016-01-12T00:09:13.000Z,organic
7504,3181,2016-01-18T19:09:39.000Z,organic
7507,3181,2016-04-18T13:16:51.000Z,adwords
7509,3181,2016-05-11T04:43:29.000Z,organic
7511,3181,2016-06-26T04:36:01.000Z,organic
7515,3181,2016-09-03T03:32:33.000Z,adwords
7516,3181,2016-09-14T11:42:38.000Z,adwords
7518,3181,2016-10-26T22:33:47.000Z,adwords
7521,3181,2016-12-21T17:26:04.000Z,adwords
7528,3201,2016-11-19T12:09:45.000Z,adwords
7532,3201,2016-12-29T10:08:28.000Z,adwords
7533,3211,2016-11-29T10:06:14.000Z,organic
7535,3221,2014-05-22T12:05:47.000Z,organic
7536,3221,2014-07-15T20:15:52.000Z,adwords
7539,3231,2014-06-08T18:34:33.000Z,adwords
7540,3231,2014-07-23T19:45:38.000Z,adwords
7544,3231,2015-01-08T21:55:07.000Z,adwords
7549,3231,2015-09-11T21:46:34.000Z,organic
7550,3231,2015-09-19T17:27:26.000Z,adwords
7551,3231,2015-10-27T23:24:48.000Z,adwords
7552,3231,2015-12-10T11:08:57.000Z,organic
7553,3231,2016-01-27T13:39:49.000Z,adwords
7559,3231,2016-09-15T16:36:01.000Z,organic
7565,3241,2015-10-02T08:17:32.000Z,adwords
7567,3241,2015-11-06T02:01:23.000Z,organic
7568,3241,2015-11-28T06:20:32.000Z,adwords
7577,3241,2016-04-09T00:49:35.000Z,organic
7581,3241,2016-06-16T01:37:57.000Z,adwords
7583,3241,2016-07-01T06:11:45.000Z,adwords
7586,3241,2016-08-18T03:40:04.000Z,organic
7587,3251,2013-12-06T07:52:09.000Z,organic
7588,3251,2014-01-15T04:00:45.000Z,organic
7590,3251,2014-03-22T01:45:28.000Z,adwords
7592,3251,2014-05-30T07:07:20.000Z,adwords
7593,3251,2014-06-28T00:52:21.000Z,adwords
7595,3251,2014-09-03T08:09:04.000Z,organic
7602,3251,2015-04-11T11:25:26.000Z,organic
7604,3251,2015-06-10T21:44:44.000Z,organic
7606,3251,2015-08-13T11:32:21.000Z,organic
7608,3261,2014-09-18T20:59:24.000Z,adwords
7611,3261,2014-11-08T03:43:59.000Z,organic
7613,3261,2014-12-08T12:25:56.000Z,organic
7614,3261,2014-12-15T20:58:08.000Z,adwords
7615,3261,2015-01-08T13:24:56.000Z,adwords
7618,3261,2015-08-04T19:16:46.000Z,adwords
7620,3261,2015-09-13T21:39:13.000Z,organic
7621,3261,2015-09-28T20:03:03.000Z,adwords
7622,3261,2015-10-17T07:32:54.000Z,organic
7623,3261,2015-11-08T04:11:36.000Z,adwords
7624,3261,2015-11-22T18:26:55.000Z,organic
7625,3261,2015-12-11T02:20:28.000Z,organic
7628,3261,2016-01-18T07:28:52.000Z,adwords
7629,3261,2016-02-11T16:08:36.000Z,adwords
7632,3261,2016-04-12T13:20:02.000Z,organic
7633,3261,2016-05-05T03:18:21.000Z,organic
7634,3261,2016-06-02T01:13:33.000Z,organic
7636,3261,2016-07-06T17:36:12.000Z,organic
7645,3271,2016-05-17T13:34:17.000Z,adwords
7646,3271,2016-06-07T05:49:55.000Z,adwords
7647,3271,2016-08-10T10:48:25.000Z,adwords
7650,3271,2016-12-02T08:42:44.000Z,adwords
7654,3291,2016-04-17T03:40:15.000Z,organic
7656,3291,2016-05-29T10:12:53.000Z,organic
7657,3291,2016-07-06T03:44:12.000Z,adwords
7659,3291,2016-08-07T00:51:27.000Z,organic
7660,3291,2016-08-07T00:34:18.000Z,organic
7661,3291,2016-08-24T06:42:23.000Z,organic
7667,3301,2016-04-12T05:53:30.000Z,organic
7668,3301,2016-05-19T04:48:30.000Z,organic
7670,3301,2016-06-14T01:27:56.000Z,organic
7673,3311,2015-10-06T07:32:35.000Z,adwords
7675,3311,2015-12-04T16:25:30.000Z,organic
7676,3311,2015-12-22T10:42:25.000Z,organic
7678,3311,2016-03-26T15:40:50.000Z,organic
7681,3321,2015-08-05T14:17:14.000Z,adwords
7682,3331,2016-11-04T11:33:03.000Z,organic
7686,3331,2016-12-07T14:59:54.000Z,organic
7687,3331,2016-12-20T18:50:49.000Z,adwords
7690,3341,2016-04-04T17:25:08.000Z,adwords
7698,3341,2016-10-22T16:08:14.000Z,organic
7699,3341,2016-12-14T05:42:42.000Z,organic
7700,3351,2016-09-29T05:51:20.000Z,organic
7701,3351,2016-12-11T12:36:39.000Z,organic
7703,3351,2016-12-30T21:06:53.000Z,adwords
7704,3361,2016-06-21T14:50:55.000Z,organic
7708,3361,2016-08-21T16:27:16.000Z,adwords
7712,3361,2016-11-08T05:10:28.000Z,adwords
7713,3361,2016-11-26T02:57:37.000Z,adwords
7715,3371,2013-12-31T01:23:12.000Z,organic
7716,3371,2013-12-31T11:18:43.000Z,organic
7718,3371,2014-01-10T07:56:43.000Z,organic
7719,3371,2014-01-29T08:12:31.000Z,adwords
7722,3371,2014-03-12T19:58:56.000Z,organic
7723,3371,2014-03-29T10:28:19.000Z,organic
7725,3371,2014-04-12T09:58:08.000Z,organic
7731,3371,2014-10-17T21:43:04.000Z,adwords
7732,3371,2014-10-20T12:52:09.000Z,organic
7733,3371,2014-11-04T16:11:34.000Z,adwords
7734,3381,2016-05-30T20:35:13.000Z,adwords
7736,3381,2016-09-24T04:23:28.000Z,organic
7737,3381,2016-10-08T10:51:55.000Z,organic
7739,3381,2016-11-04T00:36:58.000Z,organic
7746,3391,2016-11-01T07:37:50.000Z,organic
7747,3391,2016-12-06T04:21:12.000Z,adwords
7754,3411,2014-05-08T16:47:38.000Z,organic
7755,3411,2014-06-16T18:45:33.000Z,organic
7756,3411,2014-07-16T22:32:20.000Z,adwords
7757,3411,2014-08-20T23:57:26.000Z,adwords
7759,3411,2014-10-12T08:50:26.000Z,organic
7766,3411,2015-04-03T04:48:38.000Z,organic
7770,3411,2015-08-04T02:38:02.000Z,organic
7772,3411,2015-10-18T12:42:49.000Z,organic
7775,3411,2016-01-15T03:26:46.000Z,organic
7778,3411,2016-04-21T12:26:52.000Z,organic
7780,3411,2016-06-16T15:53:51.000Z,adwords
7784,3411,2016-11-04T03:43:53.000Z,adwords
7785,3411,2016-11-29T12:53:59.000Z,adwords
7787,3421,2016-01-09T09:37:19.000Z,organic
7788,3421,2016-02-11T23:18:49.000Z,organic
7789,3421,2016-02-11T18:04:16.000Z,organic
7792,3421,2016-06-24T18:14:08.000Z,organic
7794,3421,2016-08-21T08:06:01.000Z,adwords
7795,3421,2016-09-12T17:09:23.000Z,organic
7797,3431,2014-01-07T04:24:15.000Z,organic
7799,3431,2014-03-18T13:45:24.000Z,organic
7800,3431,2014-04-17T23:36:41.000Z,adwords
7805,3441,2016-08-29T06:37:47.000Z,organic
7813,3461,2014-02-09T01:16:06.000Z,adwords
7814,3461,2014-02-25T00:32:06.000Z,organic
7815,3461,2014-02-25T17:55:41.000Z,adwords
7816,3461,2014-03-15T18:48:45.000Z,organic
7822,3471,2014-01-27T05:12:13.000Z,adwords
7823,3471,2014-02-15T18:35:14.000Z,organic
7825,3471,2014-05-25T16:40:14.000Z,adwords
7826,3471,2014-05-28T12:07:47.000Z,adwords
7827,3471,2014-06-18T23:08:15.000Z,adwords
7828,3471,2014-07-14T10:29:24.000Z,organic
7831,3471,2014-09-30T18:56:20.000Z,adwords
7837,3471,2015-01-28T18:00:56.000Z,organic
7841,3471,2015-05-08T21:23:24.000Z,adwords
7842,3471,2015-05-08T04:48:19.000Z,organic
7846,3471,2016-01-06T08:23:05.000Z,adwords
7850,3471,2016-03-04T16:28:34.000Z,organic
7852,3471,2016-04-12T16:20:59.000Z,organic
7856,3471,2016-07-13T21:33:48.000Z,organic
7859,3471,2016-10-12T09:46:57.000Z,adwords
7862,3471,2016-11-20T20:34:10.000Z,organic
7866,3481,2016-09-23T08:52:12.000Z,adwords
7882,3491,2014-08-06T20:54:34.000Z,organic
7888,3491,2014-12-13T23:07:19.000Z,organic
7889,3491,2015-01-02T06:41:01.000Z,organic
7891,3491,2015-09-14T07:54:28.000Z,adwords
7894,3491,2015-11-15T15:06:19.000Z,organic
7895,3491,2015-12-06T20:41:30.000Z,adwords
7896,3491,2015-12-24T00:13:57.000Z,organic
7900,3491,2016-08-24T10:12:19.000Z,adwords
7902,3491,2016-10-10T02:23:59.000Z,adwords
7903,3491,2016-10-23T10:09:51.000Z,organic
7905,3491,2016-12-05T02:28:32.000Z,organic
7913,3501,2016-12-01T02:28:04.000Z,adwords
7918,3511,2016-11-02T14:33:56.000Z,adwords
7919,3511,2016-11-23T08:18:20.000Z,organic
7920,3511,2016-12-18T18:22:36.000Z,adwords
7921,3521,2016-12-30T20:15:48.000Z,organic
7923,3531,2015-08-14T11:24:55.000Z,organic
7928,3541,2016-05-02T13:18:23.000Z,adwords
7933,3541,2016-07-06T22:37:44.000Z,organic
7935,3541,2016-08-14T15:30:51.000Z,organic
7938,3541,2016-10-06T19:59:02.000Z,organic
7940,3541,2016-11-13T22:48:20.000Z,adwords
7941,3541,2016-12-04T00:18:28.000Z,adwords
7943,3551,2015-04-30T02:09:15.000Z,organic
7944,3551,2015-04-30T22:37:57.000Z,organic
7946,3551,2015-06-03T15:50:37.000Z,adwords
7947,3551,2015-06-30T18:09:29.000Z,organic
7950,3551,2015-07-17T15:54:05.000Z,organic
7951,3561,2016-07-02T03:41:15.000Z,organic
7952,3561,2016-07-03T23:40:15.000Z,organic
7953,3561,2016-07-29T09:36:36.000Z,adwords
7954,3561,2016-08-11T22:31:38.000Z,adwords
7955,3561,2016-08-28T23:21:05.000Z,adwords
7956,3571,2016-06-21T16:42:25.000Z,organic
7958,3571,2016-07-19T10:58:31.000Z,adwords
7959,3571,2016-08-03T12:35:29.000Z,organic
7961,3571,2016-09-02T11:26:46.000Z,adwords
7972,3591,2016-02-28T18:01:59.000Z,adwords
7973,3591,2016-03-02T13:07:12.000Z,adwords
7974,3591,2016-04-03T15:27:41.000Z,adwords
7977,3591,2016-06-18T16:21:11.000Z,organic
7978,3591,2016-07-13T05:14:51.000Z,adwords
7985,3601,2016-11-18T02:23:28.000Z,organic
7987,3601,2016-12-22T13:44:54.000Z,adwords
7988,3611,2016-09-19T05:36:18.000Z,adwords
7994,3631,2015-08-23T08:04:48.000Z,organic
7999,3631,2015-12-29T14:34:22.000Z,adwords
8000,3631,2016-01-25T02:58:48.000Z,organic
8001,3631,2016-02-28T22:27:05.000Z,adwords
8002,3631,2016-03-31T20:08:23.000Z,organic
8003,3631,2016-04-05T00:11:14.000Z,adwords
8004,3631,2016-05-08T10:28:52.000Z,adwords
8006,3631,2016-07-03T09:41:59.000Z,adwords
8009,3631,2016-09-04T19:36:57.000Z,organic
8015,3641,2016-09-03T10:53:01.000Z,organic
8018,3641,2016-11-25T02:58:58.000Z,organic
8021,3651,2015-09-23T08:21:57.000Z,adwords
8022,3651,2015-09-24T00:00:55.000Z,organic
8025,3651,2015-11-23T19:48:11.000Z,adwords
8028,3651,2016-02-08T04:39:05.000Z,adwords
8030,3651,2016-03-19T10:02:06.000Z,adwords
8031,3651,2016-04-06T01:49:32.000Z,adwords
8032,3651,2016-04-19T08:38:51.000Z,organic
8034,3651,2016-06-04T11:00:19.000Z,organic
8038,3651,2016-08-15T12:14:30.000Z,adwords
8040,3651,2016-10-19T18:22:36.000Z,organic
8041,3661,2016-04-16T14:15:00.000Z,organic
8042,3661,2016-05-03T16:52:09.000Z,adwords
8043,3661,2016-05-27T01:19:44.000Z,adwords
8046,3661,2016-06-29T20:28:34.000Z,organic
8049,3661,2016-09-15T09:47:33.000Z,adwords
8051,3661,2016-10-21T11:18:57.000Z,organic
8058,3691,2016-06-19T17:56:00.000Z,adwords
8060,3691,2016-07-06T23:51:11.000Z,organic
8064,3691,2016-09-14T02:51:31.000Z,organic
8066,3691,2016-10-04T15:36:21.000Z,adwords
8067,3691,2016-10-25T18:23:24.000Z,organic
8068,3691,2016-11-14T10:11:58.000Z,adwords
8069,3691,2016-11-25T14:05:54.000Z,organic
8077,3711,2016-06-27T04:26:37.000Z,organic
8078,3711,2016-07-28T13:52:12.000Z,adwords
8079,3711,2016-10-01T17:47:47.000Z,organic
8080,3711,2016-11-01T03:23:17.000Z,adwords
8082,3721,2015-11-30T11:26:26.000Z,organic
8086,3721,2016-03-24T05:50:26.000Z,adwords
8087,3721,2016-04-29T09:33:16.000Z,organic
8095,3721,2016-11-16T20:07:29.000Z,organic
8097,3731,2016-09-13T12:00:47.000Z,organic
8098,3731,2016-09-30T05:53:26.000Z,organic
8100,3731,2016-12-09T15:23:42.000Z,organic
8112,3761,2016-12-03T15:24:28.000Z,adwords
8114,3761,2016-12-28T13:44:22.000Z,adwords
8115,3771,2016-01-26T04:30:55.000Z,organic
8117,3771,2016-03-19T21:38:31.000Z,adwords
8118,3771,2016-04-19T10:22:14.000Z,organic
8119,3771,2016-05-18T03:53:51.000Z,organic
8120,3771,2016-07-07T13:31:17.000Z,organic
8121,3771,2016-08-06T01:17:51.000Z,organic
8122,3771,2016-09-07T00:31:47.000Z,organic
8124,3771,2016-10-03T14:05:31.000Z,adwords
8127,3781,2016-09-20T18:06:58.000Z,adwords
8129,3781,2016-12-30T06:52:24.000Z,organic
8134,3791,2016-07-15T02:19:14.000Z,adwords
8135,3791,2016-07-15T01:01:32.000Z,organic
8137,3791,2016-09-06T19:06:17.000Z,organic
8138,3791,2016-10-03T16:26:39.000Z,organic
8145,3801,2016-08-20T01:40:55.000Z,adwords
8146,3801,2016-08-25T05:04:24.000Z,adwords
8147,3801,2016-09-14T01:25:25.000Z,adwords
8148,3801,2016-10-03T06:27:09.000Z,adwords
8149,3801,2016-10-10T09:35:36.000Z,organic
8151,3801,2016-11-25T17:30:26.000Z,organic
8154,3811,2016-09-08T06:02:18.000Z,adwords
8155,3811,2016-10-13T08:26:45.000Z,organic
8159,3821,2016-09-06T21:29:30.000Z,adwords
8160,3821,2016-10-08T21:33:44.000Z,adwords
8163,3821,2016-12-17T13:18:15.000Z,adwords
8165,3831,2016-11-24T21:46:23.000Z,organic
8167,3841,2017-01-01T13:12:29.000Z,adwords
8168,3851,2016-06-09T17:47:25.000Z,organic
8169,3851,2016-06-29T11:50:46.000Z,adwords
8172,3871,2016-10-20T21:12:48.000Z,adwords
8174,3871,2016-11-24T03:51:23.000Z,adwords
8175,3881,2013-12-15T14:11:01.000Z,adwords
8176,3881,2013-12-15T20:52:22.000Z,adwords
8177,3881,2014-01-01T14:46:00.000Z,adwords
8181,3881,2014-04-02T07:24:51.000Z,adwords
8185,3881,2016-04-04T11:08:25.000Z,organic
8186,3881,2016-06-20T08:13:59.000Z,adwords
8187,3881,2016-10-02T07:33:41.000Z,adwords
8190,3891,2016-12-02T17:24:23.000Z,organic
8191,3891,2016-12-22T14:46:51.000Z,adwords
8192,3891,2016-12-22T01:53:50.000Z,organic
8193,3901,2016-07-06T06:40:34.000Z,organic
8195,3901,2016-10-24T05:39:13.000Z,adwords
8198,3901,2016-11-25T07:56:36.000Z,organic
8199,3911,2014-01-01T05:21:54.000Z,adwords
8201,3911,2014-02-20T14:05:31.000Z,organic
8207,3911,2014-05-22T22:27:23.000Z,organic
8210,3911,2014-07-03T13:05:23.000Z,adwords
8213,3911,2014-09-16T02:20:08.000Z,organic
8214,3911,2014-10-11T02:05:16.000Z,adwords
8217,3911,2014-12-01T20:54:55.000Z,organic
8222,3911,2015-03-11T01:51:30.000Z,adwords
8225,3911,2015-06-08T22:30:05.000Z,organic
8226,3911,2015-06-26T09:10:19.000Z,adwords
8230,3911,2015-09-11T21:55:11.000Z,adwords
8231,3911,2015-10-03T06:05:37.000Z,organic
8233,3911,2015-11-16T20:20:29.000Z,organic
8235,3911,2015-12-03T02:07:08.000Z,organic
8242,3911,2016-03-11T05:29:55.000Z,organic
8243,3911,2016-03-21T02:33:59.000Z,organic
8244,3911,2016-04-09T01:45:00.000Z,adwords
8247,3911,2016-06-15T03:17:42.000Z,organic
8248,3911,2016-07-05T15:14:32.000Z,adwords
8249,3911,2016-07-25T15:58:40.000Z,adwords
8254,3911,2016-10-22T08:36:46.000Z,adwords
8255,3911,2016-11-18T23:58:58.000Z,adwords
8256,3911,2016-12-24T09:53:31.000Z,adwords
8258,3921,2016-10-16T13:30:48.000Z,organic
8259,3921,2016-11-15T00:40:53.000Z,organic
8260,3921,2016-12-14T11:19:23.000Z,adwords
8266,3931,2016-12-21T22:00:52.000Z,organic
8269,3951,2016-11-08T18:37:06.000Z,adwords
8272,3951,2016-12-21T03:03:31.000Z,organic
8274,3961,2016-12-04T21:26:18.000Z,adwords
8276,3971,2016-08-06T19:49:59.000Z,adwords
8284,3981,2014-05-10T18:47:45.000Z,organic
8286,3981,2014-06-16T15:45:28.000Z,organic
8288,3981,2014-06-23T02:56:30.000Z,organic
8291,3981,2014-07-30T18:45:07.000Z,organic
8293,3981,2015-01-18T18:34:28.000Z,adwords
8296,3981,2015-04-27T13:53:57.000Z,organic
8302,3981,2015-08-06T18:31:15.000Z,organic
8308,3981,2016-03-15T02:40:32.000Z,organic
8309,3981,2016-04-10T17:01:39.000Z,organic
8313,3981,2016-06-26T17:14:23.000Z,adwords
8318,3981,2016-10-05T18:57:51.000Z,adwords
8319,3981,2016-10-31T12:55:58.000Z,organic
8324,3991,2015-02-11T09:55:57.000Z,adwords
8329,3991,2015-06-05T06:05:16.000Z,adwords
8330,3991,2015-06-20T10:33:32.000Z,adwords
8331,3991,2015-07-31T17:20:38.000Z,adwords
8335,3991,2015-09-22T09:13:10.000Z,organic
8337,3991,2015-10-28T23:53:44.000Z,organic
8339,3991,2015-12-08T05:17:06.000Z,adwords
8342,3991,2016-01-19T01:48:44.000Z,adwords
8343,3991,2016-02-18T05:41:55.000Z,adwords
8344,3991,2016-03-13T09:12:19.000Z,adwords
8348,3991,2016-08-23T21:57:56.000Z,organic
8350,3991,2016-10-08T07:19:15.000Z,adwords
8351,3991,2016-10-24T00:11:42.000Z,organic
8353,3991,2016-11-05T09:29:32.000Z,organic
8359,4011,2016-08-01T09:08:13.000Z,adwords
8363,4011,2016-10-29T19:40:00.000Z,adwords
8365,4011,2016-12-18T13:38:53.000Z,organic
8366,4021,2016-12-19T00:37:07.000Z,organic
8369,4031,2015-10-18T04:36:01.000Z,organic
8371,4031,2015-12-17T00:24:47.000Z,organic
8372,4031,2016-01-08T11:04:04.000Z,adwords
8375,4031,2016-03-11T08:31:18.000Z,adwords
8376,4031,2016-04-12T04:04:44.000Z,adwords
8379,4031,2016-06-28T19:43:37.000Z,organic
8380,4031,2016-07-14T15:49:04.000Z,adwords
8381,4031,2016-08-09T04:32:04.000Z,adwords
8383,4031,2016-11-09T01:27:18.000Z,organic
8384,4031,2016-12-05T16:53:38.000Z,organic
8385,4041,2015-10-08T23:56:27.000Z,organic
8386,4041,2015-11-12T04:27:45.000Z,adwords
8388,4041,2016-02-12T17:36:39.000Z,organic
8390,4041,2016-04-22T16:17:20.000Z,organic
8392,4041,2016-06-28T04:23:30.000Z,organic
8398,4041,2016-09-21T23:37:03.000Z,organic
8400,4041,2016-11-21T00:34:47.000Z,adwords
8401,4041,2016-12-16T03:26:56.000Z,organic
8408,4061,2015-05-30T14:29:56.000Z,organic
8410,4061,2015-07-11T17:25:00.000Z,adwords
8412,4061,2015-08-14T22:05:26.000Z,adwords
8413,4061,2015-09-11T19:46:41.000Z,adwords
8415,4061,2015-10-20T19:26:17.000Z,adwords
8421,4061,2016-05-11T21:53:43.000Z,organic
8426,4061,2016-09-24T21:24:20.000Z,organic
8427,4061,2016-10-16T05:35:06.000Z,organic
8428,4061,2016-11-01T00:13:02.000Z,organic
8433,4081,2016-11-23T04:27:03.000Z,adwords
8434,4081,2016-12-02T01:05:28.000Z,adwords
8436,4091,2016-11-22T19:19:03.000Z,adwords
8438,4101,2016-07-17T09:08:06.000Z,organic
8439,4101,2016-07-30T19:09:49.000Z,organic
8440,4101,2016-08-25T07:47:33.000Z,organic
8442,4101,2016-09-27T05:27:24.000Z,adwords
8446,4101,2016-10-27T12:22:50.000Z,organic
8448,4101,2016-11-05T09:32:02.000Z,organic
8456,4111,2014-07-27T17:02:44.000Z,organic
8458,4111,2014-10-08T03:15:54.000Z,adwords
8459,4111,2014-11-11T06:57:43.000Z,organic
8462,4111,2015-02-10T15:44:02.000Z,organic
8463,4111,2015-03-13T04:58:36.000Z,organic
8464,4111,2015-07-27T04:00:19.000Z,adwords
8466,4111,2015-09-15T03:30:22.000Z,adwords
8467,4111,2015-10-15T11:27:28.000Z,organic
8471,4111,2016-01-27T16:08:55.000Z,organic
8475,4111,2016-06-07T08:26:11.000Z,adwords
8478,4111,2016-08-27T16:37:07.000Z,organic
8480,4111,2016-10-22T17:59:00.000Z,organic
8483,4121,2016-12-02T21:38:23.000Z,organic
8486,4131,2016-12-09T05:24:10.000Z,organic
8487,4141,2016-09-02T04:32:31.000Z,organic
8490,4141,2016-10-03T20:25:10.000Z,organic
8492,4141,2016-12-14T09:24:55.000Z,adwords
8493,4141,2016-12-31T16:31:23.000Z,organic
8498,4151,2014-04-08T05:36:06.000Z,organic
8499,4151,2014-04-25T08:13:04.000Z,organic
8501,4151,2014-07-16T05:36:04.000Z,adwords
8502,4151,2014-08-15T10:06:28.000Z,adwords
8503,4151,2014-09-01T18:01:39.000Z,adwords
8508,4151,2015-02-04T01:09:46.000Z,adwords
8509,4151,2015-03-05T12:34:43.000Z,adwords
8511,4151,2015-04-28T13:10:55.000Z,adwords
8512,4151,2015-05-23T15:57:38.000Z,adwords
8521,4151,2015-12-27T06:43:21.000Z,organic
8522,4151,2016-01-27T20:12:26.000Z,adwords
8523,4151,2016-02-29T00:27:14.000Z,organic
8524,4151,2016-02-29T05:51:34.000Z,adwords
8527,4151,2016-04-27T19:47:20.000Z,adwords
8530,4151,2016-07-05T09:15:55.000Z,adwords
8532,4151,2016-08-29T23:29:43.000Z,organic
8533,4151,2016-09-29T19:57:15.000Z,adwords
8534,4151,2016-10-02T03:03:59.000Z,organic
8535,4151,2016-10-12T13:56:04.000Z,organic
8540,4161,2014-03-25T17:10:45.000Z,adwords
8545,4161,2014-06-11T16:47:44.000Z,adwords
8546,4161,2014-07-01T10:56:12.000Z,adwords
8548,4161,2014-08-12T11:44:07.000Z,organic
8549,4161,2014-09-07T10:06:47.000Z,adwords
8551,4161,2014-09-29T22:02:50.000Z,adwords
8552,4161,2014-10-21T09:40:59.000Z,adwords
8556,4161,2014-11-22T01:26:21.000Z,organic
8558,4161,2015-01-23T15:35:37.000Z,adwords
8562,4161,2015-04-30T09:46:59.000Z,organic
8564,4161,2015-05-20T23:53:22.000Z,adwords
8565,4161,2015-05-21T14:52:22.000Z,adwords
8567,4161,2015-06-20T14:40:47.000Z,organic
8569,4161,2015-07-21T11:32:33.000Z,adwords
8572,4161,2015-09-30T16:44:50.000Z,organic
8575,4161,2015-11-09T05:22:16.000Z,organic
8576,4161,2015-11-29T23:11:57.000Z,adwords
8577,4161,2015-12-19T10:15:10.000Z,organic
8578,4161,2016-01-24T00:06:45.000Z,organic
8579,4161,2016-02-22T19:40:55.000Z,adwords
8580,4161,2016-03-10T14:51:54.000Z,organic
8581,4161,2016-03-31T16:37:54.000Z,adwords
8583,4161,2016-05-08T22:26:54.000Z,adwords
8584,4161,2016-06-02T02:08:53.000Z,adwords
8585,4161,2016-06-09T01:34:25.000Z,organic
8586,4161,2016-07-14T17:47:53.000Z,adwords
8588,4161,2016-09-15T20:07:01.000Z,adwords
8589,4161,2016-10-01T00:22:02.000Z,organic
8590,4171,2016-01-31T01:19:43.000Z,adwords
8594,4171,2016-05-27T09:09:36.000Z,organic
8596,4171,2016-07-06T23:34:17.000Z,organic
8597,4171,2016-07-28T02:58:25.000Z,adwords
8598,4171,2016-08-15T09:09:43.000Z,organic
8599,4171,2016-09-05T04:39:14.000Z,organic
8603,4171,2016-11-28T10:33:48.000Z,adwords
8606,4181,2015-06-12T09:40:25.000Z,adwords
8608,4181,2015-07-05T02:02:53.000Z,adwords
8609,4181,2015-08-15T08:05:08.000Z,organic
8610,4181,2015-09-07T19:58:39.000Z,organic
8613,4181,2015-09-30T07:25:32.000Z,adwords
8616,4181,2015-12-09T07:51:04.000Z,adwords
8618,4181,2016-01-12T23:15:45.000Z,organic
8621,4181,2016-04-26T02:23:47.000Z,organic
8622,4181,2016-05-12T09:45:29.000Z,adwords
8624,4181,2016-06-05T12:03:21.000Z,adwords
8630,4181,2016-08-15T02:20:04.000Z,organic
8632,4181,2016-09-22T08:51:57.000Z,organic
8639,4191,2015-12-16T15:26:56.000Z,adwords
8641,4191,2016-05-21T17:11:07.000Z,adwords
8642,4191,2016-05-31T18:30:25.000Z,adwords
8643,4191,2016-06-18T21:32:42.000Z,organic
8646,4191,2016-07-28T06:49:58.000Z,adwords
8648,4191,2016-08-21T16:34:04.000Z,organic
8650,4191,2016-09-14T01:21:10.000Z,adwords
8654,4201,2016-05-09T16:03:20.000Z,adwords
8657,4201,2016-07-04T01:29:51.000Z,organic
8659,4201,2016-07-30T11:03:15.000Z,adwords
8660,4201,2016-07-30T14:35:54.000Z,organic
8661,4201,2016-09-16T02:51:36.000Z,organic
8663,4201,2016-10-19T10:38:51.000Z,organic
8668,4211,2014-01-06T06:16:48.000Z,adwords
8671,4211,2014-01-27T01:57:30.000Z,adwords
8673,4211,2014-02-09T01:49:42.000Z,adwords
8675,4211,2014-04-26T20:23:03.000Z,adwords
8676,4211,2014-04-29T04:18:40.000Z,organic
8681,4211,2014-06-30T16:25:28.000Z,adwords
8682,4211,2014-07-06T05:50:49.000Z,organic
8683,4211,2014-07-19T04:13:26.000Z,organic
8686,4211,2014-08-20T08:21:44.000Z,organic
8687,4211,2014-09-01T01:55:12.000Z,organic
8690,4211,2014-09-27T14:43:10.000Z,organic
8691,4211,2014-10-13T18:10:40.000Z,adwords
8692,4211,2014-10-29T04:09:00.000Z,adwords
8693,4211,2014-11-11T23:00:31.000Z,adwords
8696,4211,2014-11-21T07:50:10.000Z,organic
8697,4211,2014-12-06T19:22:29.000Z,organic
8699,4211,2015-01-03T03:20:34.000Z,organic
8701,4211,2015-01-23T07:24:24.000Z,organic
8703,4211,2015-02-25T11:32:29.000Z,adwords
8704,4211,2015-03-14T11:43:23.000Z,adwords
8708,4211,2015-05-26T03:06:23.000Z,adwords
8709,4211,2015-06-11T06:17:13.000Z,adwords
8712,4211,2015-07-24T03:02:17.000Z,organic
8714,4211,2016-02-06T03:56:42.000Z,organic
8715,4211,2016-02-06T08:05:42.000Z,organic
8720,4221,2016-12-07T02:31:52.000Z,organic
8721,4231,2015-09-08T10:21:21.000Z,adwords
8726,4231,2016-02-11T23:52:26.000Z,organic
8728,4231,2016-04-21T10:49:13.000Z,adwords
8730,4231,2016-06-08T02:04:52.000Z,adwords
8732,4231,2016-08-15T21:03:04.000Z,organic
8733,4231,2016-09-06T15:59:53.000Z,organic
8735,4231,2016-10-18T18:45:10.000Z,adwords
8737,4231,2016-12-18T03:09:48.000Z,adwords
8738,4241,2014-06-26T03:43:05.000Z,adwords
8749,4241,2015-10-21T01:16:06.000Z,organic
8753,4241,2016-01-09T16:20:50.000Z,organic
8754,4241,2016-01-28T23:19:31.000Z,adwords
8755,4241,2016-02-15T10:57:34.000Z,organic
8757,4251,2016-06-05T01:31:23.000Z,organic
8759,4251,2016-07-13T09:46:17.000Z,organic
8767,4261,2016-08-30T12:06:46.000Z,organic
8768,4261,2016-09-25T10:36:26.000Z,organic
8769,4261,2016-10-21T10:27:52.000Z,adwords
8772,4271,2014-12-14T13:14:09.000Z,adwords
8773,4271,2014-12-28T11:05:11.000Z,organic
8775,4281,2016-01-04T22:51:01.000Z,adwords
8776,4281,2016-02-17T00:22:04.000Z,organic
8778,4291,2013-12-28T19:23:59.000Z,adwords
8779,4291,2014-02-01T07:31:45.000Z,adwords
8781,4291,2014-03-21T21:09:56.000Z,adwords
8782,4291,2014-04-17T14:58:03.000Z,adwords
8783,4291,2014-05-15T02:19:39.000Z,adwords
8784,4291,2014-06-12T06:36:54.000Z,organic
8787,4291,2014-09-14T21:34:10.000Z,organic
8791,4291,2014-12-26T17:54:39.000Z,adwords
8801,4291,2015-11-14T16:26:58.000Z,organic
8802,4291,2015-11-14T14:29:23.000Z,organic
8803,4291,2015-12-21T09:04:52.000Z,adwords
8804,4291,2016-01-23T19:44:42.000Z,adwords
8806,4291,2016-03-15T17:24:55.000Z,adwords
8813,4291,2016-10-04T00:02:13.000Z,organic
8814,4291,2016-12-13T00:21:01.000Z,organic
8815,4301,2016-03-26T02:22:24.000Z,organic
8818,4301,2016-05-25T19:26:46.000Z,organic
8821,4301,2016-09-09T07:34:49.000Z,adwords
8822,4301,2016-10-08T19:25:37.000Z,adwords
8825,4311,2013-12-04T08:27:55.000Z,adwords
8828,4311,2014-01-21T06:39:29.000Z,organic
8830,4311,2014-03-02T00:17:01.000Z,adwords
8835,4311,2015-06-27T00:49:04.000Z,adwords
8836,4311,2015-07-25T11:10:21.000Z,organic
8837,4311,2015-08-13T00:04:59.000Z,organic
8842,4311,2015-11-09T15:22:17.000Z,organic
8846,4311,2016-02-06T12:56:36.000Z,adwords
8847,4311,2016-03-08T03:40:40.000Z,organic
8849,4311,2016-04-21T20:17:33.000Z,adwords
8851,4311,2016-06-06T00:24:06.000Z,organic
8854,4311,2016-08-14T08:07:43.000Z,adwords
8855,4311,2016-09-04T03:52:55.000Z,organic
8856,4311,2016-09-17T11:39:37.000Z,adwords
8857,4311,2016-10-05T11:40:12.000Z,adwords
8862,4311,2016-12-17T20:34:21.000Z,organic
8866,4321,2015-06-29T21:14:49.000Z,adwords
8867,4321,2015-07-14T07:04:36.000Z,organic
8871,4341,2013-12-10T09:26:27.000Z,organic
8875,4341,2014-02-15T01:08:43.000Z,organic
8876,4341,2014-02-24T18:29:47.000Z,adwords
8878,4341,2014-05-19T00:26:26.000Z,adwords
8879,4341,2014-06-23T04:09:52.000Z,organic
8880,4341,2014-07-06T14:28:12.000Z,adwords
8882,4341,2014-08-06T20:57:28.000Z,organic
8883,4341,2014-08-14T00:08:35.000Z,organic
8885,4341,2014-09-20T02:22:50.000Z,adwords
8886,4341,2014-10-21T04:44:10.000Z,adwords
8887,4341,2014-10-26T19:47:17.000Z,adwords
8888,4341,2014-11-14T18:01:09.000Z,adwords
8893,4341,2015-03-27T00:08:04.000Z,organic
8897,4351,2016-10-25T07:31:10.000Z,organic
8898,4351,2016-11-30T12:09:00.000Z,organic
8900,4361,2016-10-26T18:00:11.000Z,adwords
8902,4361,2016-11-22T04:16:14.000Z,organic
8904,4371,2016-12-16T14:22:01.000Z,organic
8906,4381,2016-04-22T16:58:00.000Z,organic
8907,4381,2016-05-18T15:45:52.000Z,adwords
8919,4411,2015-03-18T04:57:25.000Z,adwords
8921,4411,2015-05-07T22:38:39.000Z,organic
8922,4411,2015-05-22T23:57:43.000Z,organic
8930,4411,2016-02-23T14:04:52.000Z,adwords
8935,4411,2016-07-19T13:36:12.000Z,organic
8938,4411,2016-09-10T23:40:52.000Z,organic
8939,4411,2016-10-02T21:07:50.000Z,organic
8940,4411,2016-11-06T19:31:33.000Z,adwords
8943,4421,2016-10-07T15:56:06.000Z,organic
8945,4421,2016-11-04T20:15:14.000Z,adwords
8946,4421,2016-11-27T17:42:00.000Z,organic
8948,4421,2016-12-22T20:10:57.000Z,organic
8952,4431,2015-04-06T03:43:01.000Z,organic
8953,4431,2015-04-06T06:43:05.000Z,organic
8954,4431,2015-04-20T00:29:16.000Z,organic
8956,4441,2015-12-31T11:01:11.000Z,organic
8957,4441,2016-02-08T01:06:39.000Z,adwords
8970,4451,2014-03-02T18:46:21.000Z,organic
8972,4451,2014-03-12T15:50:19.000Z,organic
8973,4451,2014-04-04T07:14:50.000Z,organic
8975,4451,2014-05-18T17:31:12.000Z,adwords
8977,4451,2014-09-08T03:02:31.000Z,adwords
8978,4451,2014-09-29T04:50:15.000Z,organic
8979,4451,2014-10-17T16:40:38.000Z,organic
8980,4451,2014-11-08T14:35:34.000Z,organic
8981,4451,2014-12-03T20:40:41.000Z,adwords
8991,4451,2015-04-27T11:25:25.000Z,adwords
8993,4451,2015-06-02T16:49:01.000Z,organic
9003,4451,2016-02-10T14:32:21.000Z,adwords
9004,4451,2016-03-08T03:26:05.000Z,adwords
9006,4451,2016-03-26T12:50:58.000Z,adwords
9008,4451,2016-06-02T03:31:01.000Z,organic
9010,4451,2016-07-27T16:27:00.000Z,organic
9011,4451,2016-08-29T15:42:12.000Z,adwords
9012,4451,2016-09-23T21:20:38.000Z,adwords
9013,4451,2016-11-02T02:46:04.000Z,adwords
9020,4461,2015-01-07T22:53:31.000Z,organic
9022,4461,2015-05-14T19:02:21.000Z,adwords
9025,4461,2015-08-28T09:53:29.000Z,adwords
9026,4461,2015-09-08T16:31:47.000Z,adwords
9032,4481,2016-10-08T06:55:47.000Z,organic
9033,4481,2016-11-20T15:33:13.000Z,adwords
9034,4491,2013-12-08T15:59:41.000Z,adwords
9036,4491,2013-12-18T12:48:40.000Z,adwords
9039,4491,2014-03-20T23:04:20.000Z,organic
9045,4491,2014-12-07T08:37:43.000Z,adwords
9046,4491,2014-12-15T23:57:06.000Z,adwords
9047,4491,2015-02-04T23:52:08.000Z,adwords
9048,4491,2015-03-05T23:54:20.000Z,organic
9050,4491,2015-04-29T19:34:03.000Z,adwords
9051,4491,2015-05-24T13:51:39.000Z,organic
9055,4491,2015-10-02T15:24:42.000Z,adwords
9056,4491,2015-11-09T17:53:11.000Z,adwords
9057,4491,2015-12-17T02:59:16.000Z,adwords
9058,4491,2016-01-11T02:26:45.000Z,adwords
9064,4491,2016-05-06T05:03:27.000Z,adwords
9065,4491,2016-06-17T19:43:12.000Z,adwords
9071,4491,2016-11-06T07:23:45.000Z,organic
9072,4491,2016-12-18T03:21:31.000Z,organic
9073,4501,2016-05-30T00:46:53.000Z,organic
